event_id,timestamp,chain_id,scenario,stage,source,identity,asset,action,location,device_trust,mfa_strength,token_age_minutes,privilege_level,data_volume_mb,tool_risk,is_attack,mitre_technique,agentic_risk
evt-209772fe18cd,2026-06-01T08:00:00Z,normal-0000,normal_activity,Benign,AI Agent,user-001,support-agent,agent_summarize_ticket,IN,0.799,2,2,1,1.047,0.03,0,—,—
evt-4ae5e28d8f88,2026-06-01T08:08:00Z,normal-0001,normal_activity,Benign,SaaS,user-002,document-store,read_project_document,IN,0.879,2,1,1,0.354,0.169,0,—,—
evt-c7170fc083ca,2026-06-01T08:15:00Z,normal-0002,normal_activity,Benign,Identity,user-003,workforce-sso,interactive_login,US,0.864,2,23,1,0.698,0.137,0,—,—
evt-462e02c39973,2026-06-01T08:21:00Z,normal-0003,normal_activity,Benign,AI Agent,user-004,support-agent,agent_summarize_ticket,US,0.975,2,13,1,0.873,0.158,0,—,—
evt-d02912e8da4f,2026-06-01T08:28:00Z,normal-0004,normal_activity,Benign,Cloud,user-005,analytics-warehouse,run_approved_query,GB,0.841,2,24,2,12.119,0.044,0,—,—
evt-3377779941c9,2026-06-01T08:37:00Z,normal-0005,normal_activity,Benign,SaaS,user-006,document-store,read_project_document,DE,0.898,2,30,1,1.748,0.09,0,—,—
evt-13b8fc6334e7,2026-06-01T08:46:00Z,normal-0006,normal_activity,Benign,GitHub,user-007,engineering-repo,list_assigned_issues,SG,0.868,1,37,1,1.56,0.194,0,—,—
evt-cf9e140d414c,2026-06-01T08:51:00Z,normal-0007,normal_activity,Benign,SaaS,user-008,document-store,read_project_document,AU,0.834,2,17,1,3.096,0.167,0,—,—
evt-2052a90a65bb,2026-06-01T08:59:00Z,normal-0008,normal_activity,Benign,Identity,user-009,workforce-sso,interactive_login,IN,0.946,2,10,1,0.898,0.142,0,—,—
evt-04cffd540ff0,2026-06-01T09:06:00Z,normal-0009,normal_activity,Benign,AI Agent,user-010,support-agent,agent_summarize_ticket,IN,0.969,1,8,1,0.452,0.153,0,—,—
evt-a6746858a5d5,2026-06-01T09:14:00Z,normal-0010,normal_activity,Benign,Identity,user-011,workforce-sso,interactive_login,US,0.99,2,17,1,0.751,0.214,0,—,—
evt-73b531e56e2c,2026-06-01T09:18:00Z,normal-0011,normal_activity,Benign,SaaS,user-012,document-store,read_project_document,US,0.814,2,35,1,0.817,0.21,0,—,—
evt-acf353fbb54f,2026-06-01T09:28:00Z,normal-0012,normal_activity,Benign,GitHub,user-013,engineering-repo,list_assigned_issues,GB,0.833,2,37,1,1.028,0.209,0,—,—
evt-fe1720de5a90,2026-06-01T09:31:00Z,normal-0013,normal_activity,Benign,Cloud,user-014,analytics-warehouse,run_approved_query,DE,0.988,2,34,2,7.925,0.193,0,—,—
evt-50dbdbf6e964,2026-06-01T09:41:00Z,normal-0014,normal_activity,Benign,Cloud,user-015,analytics-warehouse,run_approved_query,SG,0.999,2,29,2,9.968,0.199,0,—,—
evt-4cf9f9096dee,2026-06-01T09:48:00Z,normal-0015,normal_activity,Benign,SaaS,user-016,document-store,read_project_document,AU,0.782,2,4,1,1.503,0.058,0,—,—
evt-74085daed858,2026-06-01T09:52:00Z,normal-0016,normal_activity,Benign,SaaS,user-017,document-store,read_project_document,IN,0.939,2,37,1,0.611,0.109,0,—,—
evt-4bebda3fbd79,2026-06-01T10:02:00Z,normal-0017,normal_activity,Benign,Cloud,user-018,analytics-warehouse,run_approved_query,IN,0.97,1,7,2,6.604,0.023,0,—,—
evt-1bcd3b83a85f,2026-06-01T10:08:00Z,normal-0018,normal_activity,Benign,SaaS,user-019,document-store,read_project_document,US,0.841,2,5,1,0.834,0.103,0,—,—
evt-a20974502202,2026-06-01T10:17:00Z,normal-0019,normal_activity,Benign,SaaS,user-020,document-store,read_project_document,US,0.817,2,14,1,3.982,0.192,0,—,—
evt-783617761ac4,2026-06-01T10:20:00Z,normal-0020,normal_activity,Benign,GitHub,user-021,engineering-repo,list_assigned_issues,GB,0.873,2,36,1,0.842,0.149,0,—,—
evt-b72d249e49ac,2026-06-01T10:30:00Z,normal-0021,normal_activity,Benign,GitHub,user-022,engineering-repo,list_assigned_issues,DE,0.793,2,33,1,1.941,0.203,0,—,—
evt-b2836477a1fa,2026-06-01T10:38:00Z,normal-0022,normal_activity,Benign,SaaS,user-023,document-store,read_project_document,SG,0.869,2,37,1,5.773,0.062,0,—,—
evt-e7d1ba5708d8,2026-06-01T10:45:00Z,normal-0023,normal_activity,Benign,GitHub,user-024,engineering-repo,list_assigned_issues,AU,0.825,2,16,1,1.349,0.066,0,—,—
evt-23dea66fa439,2026-06-01T10:49:00Z,normal-0024,normal_activity,Benign,Cloud,user-025,analytics-warehouse,run_approved_query,IN,0.917,2,7,2,10.774,0.025,0,—,—
evt-c4fbaf5adbf7,2026-06-01T10:56:00Z,normal-0025,normal_activity,Benign,GitHub,user-026,engineering-repo,list_assigned_issues,IN,0.815,2,20,1,0.763,0.138,0,—,—
evt-adaa3adc96d4,2026-06-01T11:06:00Z,normal-0026,normal_activity,Benign,SaaS,user-027,document-store,read_project_document,US,0.838,2,36,1,4.939,0.043,0,—,—
evt-cc8ec69be5e7,2026-06-01T11:11:00Z,normal-0027,normal_activity,Benign,Cloud,user-028,analytics-warehouse,run_approved_query,US,0.835,2,4,2,9.245,0.029,0,—,—
evt-5990e2509e42,2026-06-01T11:19:00Z,normal-0028,normal_activity,Benign,SaaS,user-029,document-store,read_project_document,GB,0.943,2,28,1,0.456,0.128,0,—,—
evt-1836f3988280,2026-06-01T11:23:00Z,normal-0029,normal_activity,Benign,AI Agent,user-030,support-agent,agent_summarize_ticket,DE,0.902,2,3,1,1.268,0.075,0,—,—
evt-ce2025c7707a,2026-06-01T11:30:00Z,normal-0030,normal_activity,Benign,Cloud,user-031,analytics-warehouse,run_approved_query,SG,0.994,2,16,2,2.336,0.192,0,—,—
evt-79e9373c83f5,2026-06-01T11:38:00Z,normal-0031,normal_activity,Benign,SaaS,user-032,document-store,read_project_document,AU,0.839,2,7,1,0.344,0.09,0,—,—
evt-8efdb819d577,2026-06-01T11:44:00Z,normal-0032,normal_activity,Benign,SaaS,user-033,document-store,read_project_document,IN,0.829,2,26,1,1.49,0.079,0,—,—
evt-914099079846,2026-06-01T11:51:00Z,normal-0033,normal_activity,Benign,AI Agent,user-034,support-agent,agent_summarize_ticket,IN,0.853,1,17,1,1.474,0.047,0,—,—
evt-b52f32a6d331,2026-06-01T12:00:00Z,normal-0034,normal_activity,Benign,AI Agent,user-035,support-agent,agent_summarize_ticket,US,0.805,2,13,1,0.711,0.063,0,—,—
evt-f99ac3887bb3,2026-06-01T12:08:00Z,normal-0035,normal_activity,Benign,SaaS,user-036,document-store,read_project_document,US,0.86,1,22,1,5.568,0.141,0,—,—
evt-28a7aec27e1c,2026-06-01T12:12:00Z,normal-0036,normal_activity,Benign,GitHub,user-037,engineering-repo,list_assigned_issues,GB,0.902,2,25,1,0.688,0.152,0,—,—
evt-d98647f5e8c6,2026-06-01T12:20:00Z,normal-0037,normal_activity,Benign,Cloud,user-038,analytics-warehouse,run_approved_query,DE,0.953,2,21,2,1.005,0.108,0,—,—
evt-b50c515ea0a6,2026-06-01T12:29:00Z,normal-0038,normal_activity,Benign,Identity,user-039,workforce-sso,interactive_login,SG,0.842,2,22,1,0.676,0.03,0,—,—
evt-c05900be3468,2026-06-01T12:34:00Z,normal-0039,normal_activity,Benign,Cloud,user-040,analytics-warehouse,run_approved_query,AU,0.914,2,30,2,1.318,0.097,0,—,—
evt-15a255dea65e,2026-06-01T12:44:00Z,normal-0040,normal_activity,Benign,Identity,user-001,workforce-sso,interactive_login,IN,0.976,2,7,1,0.194,0.173,0,—,—
evt-16555b647814,2026-06-01T12:48:00Z,normal-0041,normal_activity,Benign,Identity,user-002,workforce-sso,interactive_login,IN,0.88,2,34,1,0.176,0.217,0,—,—
evt-24e152e83d18,2026-06-01T12:58:00Z,normal-0042,normal_activity,Benign,Cloud,user-003,analytics-warehouse,run_approved_query,US,0.963,2,11,2,11.595,0.166,0,—,—
evt-350a6d8f5744,2026-06-01T13:04:00Z,normal-0043,normal_activity,Benign,Cloud,user-004,analytics-warehouse,run_approved_query,US,0.918,2,5,2,4.605,0.16,0,—,—
evt-1dd4b3a70e19,2026-06-01T13:09:00Z,normal-0044,normal_activity,Benign,SaaS,user-005,document-store,read_project_document,GB,0.935,1,27,1,2.054,0.079,0,—,—
evt-48bbd021f915,2026-06-01T13:18:00Z,normal-0045,normal_activity,Benign,Identity,user-006,workforce-sso,interactive_login,DE,0.968,2,25,1,0.416,0.11,0,—,—
evt-41273c89cfad,2026-06-01T13:24:00Z,normal-0046,normal_activity,Benign,AI Agent,user-007,support-agent,agent_summarize_ticket,SG,0.956,2,32,1,0.854,0.056,0,—,—
evt-25de437cb5c3,2026-06-01T13:32:00Z,normal-0047,normal_activity,Benign,Cloud,user-008,analytics-warehouse,run_approved_query,AU,0.982,2,35,2,11.376,0.016,0,—,—
evt-9730559ca576,2026-06-01T13:39:00Z,normal-0048,normal_activity,Benign,SaaS,user-009,document-store,read_project_document,IN,0.791,2,14,1,4.045,0.105,0,—,—
evt-7c050c995645,2026-06-01T13:45:00Z,normal-0049,normal_activity,Benign,Identity,user-010,workforce-sso,interactive_login,IN,0.883,2,4,1,0.761,0.22,0,—,—
evt-a32ed9e6cf6a,2026-06-01T13:52:00Z,normal-0050,normal_activity,Benign,SaaS,user-011,document-store,read_project_document,US,0.824,1,10,1,0.598,0.06,0,—,—
evt-20a02ad3b6e1,2026-06-01T14:00:00Z,normal-0051,normal_activity,Benign,SaaS,user-012,document-store,read_project_document,US,0.913,2,8,1,3.471,0.173,0,—,—
evt-ad04f56d2045,2026-06-01T14:05:00Z,normal-0052,normal_activity,Benign,Cloud,user-013,analytics-warehouse,run_approved_query,GB,0.867,2,5,2,5.055,0.134,0,—,—
evt-2b44b3047fa2,2026-06-01T14:12:00Z,normal-0053,normal_activity,Benign,AI Agent,user-014,support-agent,agent_summarize_ticket,DE,0.952,2,28,1,0.269,0.149,0,—,—
evt-975e82524224,2026-06-01T14:18:00Z,normal-0054,normal_activity,Benign,GitHub,user-015,engineering-repo,list_assigned_issues,SG,0.92,2,10,1,1.714,0.101,0,—,—
evt-bdbb3eb8aa86,2026-06-01T14:29:00Z,normal-0055,normal_activity,Benign,Cloud,user-016,analytics-warehouse,run_approved_query,AU,0.962,2,21,2,7.996,0.189,0,—,—
evt-26f4407f23cb,2026-06-01T14:32:00Z,normal-0056,normal_activity,Benign,GitHub,user-017,engineering-repo,list_assigned_issues,IN,0.786,2,12,1,1.526,0.112,0,—,—
evt-ccfb94d69621,2026-06-01T14:41:00Z,normal-0057,normal_activity,Benign,Identity,user-018,workforce-sso,interactive_login,IN,0.894,2,16,1,0.798,0.161,0,—,—
evt-ad204837eed2,2026-06-01T14:49:00Z,normal-0058,normal_activity,Benign,Identity,user-019,workforce-sso,interactive_login,US,0.8,2,16,1,0.555,0.074,0,—,—
evt-6609b9d635f4,2026-06-01T14:57:00Z,normal-0059,normal_activity,Benign,GitHub,user-020,engineering-repo,list_assigned_issues,US,0.935,2,17,1,0.753,0.058,0,—,—
evt-96750776d2b1,2026-06-01T15:01:00Z,normal-0060,normal_activity,Benign,Cloud,user-021,analytics-warehouse,run_approved_query,GB,0.841,2,34,2,9.972,0.135,0,—,—
evt-821d03537bba,2026-06-01T15:07:00Z,normal-0061,normal_activity,Benign,SaaS,user-022,document-store,read_project_document,DE,0.84,2,36,1,1.918,0.071,0,—,—
evt-437cc426be4c,2026-06-01T15:15:00Z,normal-0062,normal_activity,Benign,Cloud,user-023,analytics-warehouse,run_approved_query,SG,0.877,2,4,2,1.159,0.063,0,—,—
evt-6db648df0ec9,2026-06-01T15:24:00Z,normal-0063,normal_activity,Benign,SaaS,user-024,document-store,read_project_document,AU,0.813,2,20,1,0.579,0.028,0,—,—
evt-6617fd3e8e63,2026-06-01T15:29:00Z,normal-0064,normal_activity,Benign,AI Agent,user-025,support-agent,agent_summarize_ticket,IN,0.864,2,20,1,0.416,0.191,0,—,—
evt-c743283add12,2026-06-01T15:38:00Z,normal-0065,normal_activity,Benign,SaaS,user-026,document-store,read_project_document,IN,0.918,2,6,1,3.802,0.043,0,—,—
evt-63ece29c5778,2026-06-01T15:43:00Z,normal-0066,normal_activity,Benign,Identity,user-027,workforce-sso,interactive_login,US,0.831,2,30,1,0.552,0.025,0,—,—
evt-b38d4ab40898,2026-06-01T15:50:00Z,normal-0067,normal_activity,Benign,Cloud,user-028,analytics-warehouse,run_approved_query,US,0.805,2,10,2,9.595,0.201,0,—,—
evt-4f14e6d1994d,2026-06-01T15:57:00Z,normal-0068,normal_activity,Benign,GitHub,user-029,engineering-repo,list_assigned_issues,GB,0.877,2,20,1,0.684,0.157,0,—,—
evt-feb4089581c1,2026-06-01T16:05:00Z,normal-0069,normal_activity,Benign,GitHub,user-030,engineering-repo,list_assigned_issues,DE,0.913,1,15,1,0.253,0.212,0,—,—
evt-c11e45d1ce4d,2026-06-01T16:14:00Z,normal-0070,normal_activity,Benign,SaaS,user-031,document-store,read_project_document,SG,0.884,2,18,1,0.32,0.048,0,—,—
evt-290d31b6a796,2026-06-01T16:21:00Z,normal-0071,normal_activity,Benign,GitHub,user-032,engineering-repo,list_assigned_issues,AU,0.927,2,22,1,1.941,0.096,0,—,—
evt-9be618cea42d,2026-06-01T16:27:00Z,normal-0072,normal_activity,Benign,GitHub,user-033,engineering-repo,list_assigned_issues,IN,0.836,2,26,1,1.646,0.192,0,—,—
evt-4085db617a37,2026-06-01T16:31:00Z,normal-0073,normal_activity,Benign,Cloud,user-034,analytics-warehouse,run_approved_query,IN,0.918,2,14,2,3.439,0.066,0,—,—
evt-32a74f81fb17,2026-06-01T16:39:00Z,normal-0074,normal_activity,Benign,AI Agent,user-035,support-agent,agent_summarize_ticket,US,0.956,2,20,1,1.462,0.126,0,—,—
evt-6ef10d797ec1,2026-06-01T16:49:00Z,normal-0075,normal_activity,Benign,SaaS,user-036,document-store,read_project_document,US,0.89,2,33,1,1.503,0.158,0,—,—
evt-7491cb8aa1e8,2026-06-01T16:55:00Z,normal-0076,normal_activity,Benign,AI Agent,user-037,support-agent,agent_summarize_ticket,GB,0.892,2,5,1,0.637,0.068,0,—,—
evt-0f17638ad23e,2026-06-01T17:02:00Z,normal-0077,normal_activity,Benign,AI Agent,user-038,support-agent,agent_summarize_ticket,DE,0.908,2,10,1,1.116,0.104,0,—,—
evt-5a58af68daa5,2026-06-01T17:09:00Z,normal-0078,normal_activity,Benign,SaaS,user-039,document-store,read_project_document,SG,0.996,2,25,1,3.401,0.059,0,—,—
evt-b7768bdd7bc7,2026-06-01T17:16:00Z,normal-0079,normal_activity,Benign,SaaS,user-040,document-store,read_project_document,AU,0.889,1,33,1,4.519,0.213,0,—,—
evt-cfd3ce0453bf,2026-06-01T17:22:00Z,normal-0080,normal_activity,Benign,SaaS,user-001,document-store,read_project_document,IN,0.87,2,10,1,5.27,0.026,0,—,—
evt-16b33973cda2,2026-06-01T17:29:00Z,normal-0081,normal_activity,Benign,AI Agent,user-002,support-agent,agent_summarize_ticket,IN,0.864,2,32,1,1.293,0.193,0,—,—
evt-2c9db8177229,2026-06-01T17:34:00Z,normal-0082,normal_activity,Benign,Identity,user-003,workforce-sso,interactive_login,US,0.875,2,7,1,0.617,0.103,0,—,—
evt-a9f96cafd4fc,2026-06-01T17:43:00Z,normal-0083,normal_activity,Benign,SaaS,user-004,document-store,read_project_document,US,0.834,2,12,1,0.467,0.046,0,—,—
evt-197973b34d3f,2026-06-01T17:48:00Z,normal-0084,normal_activity,Benign,SaaS,user-005,document-store,read_project_document,GB,0.881,2,17,1,2.419,0.15,0,—,—
evt-d15f83b13459,2026-06-01T17:58:00Z,normal-0085,normal_activity,Benign,AI Agent,user-006,support-agent,agent_summarize_ticket,DE,0.846,2,17,1,0.584,0.106,0,—,—
evt-9ad6f979b29e,2026-06-01T18:04:00Z,normal-0086,normal_activity,Benign,AI Agent,user-007,support-agent,agent_summarize_ticket,SG,0.845,2,2,1,0.901,0.215,0,—,—
evt-8940ae189835,2026-06-01T18:12:00Z,normal-0087,normal_activity,Benign,AI Agent,user-008,support-agent,agent_summarize_ticket,AU,0.944,2,19,1,0.169,0.173,0,—,—
evt-5527b555a830,2026-06-01T18:17:00Z,normal-0088,normal_activity,Benign,SaaS,user-009,document-store,read_project_document,IN,0.918,2,3,1,2.243,0.075,0,—,—
evt-d9a11e69023d,2026-06-01T18:26:00Z,normal-0089,normal_activity,Benign,Cloud,user-010,analytics-warehouse,run_approved_query,IN,0.819,2,35,2,12.825,0.194,0,—,—
evt-2cc65d8d51f7,2026-06-01T18:32:00Z,normal-0090,normal_activity,Benign,Cloud,user-011,analytics-warehouse,run_approved_query,US,0.993,2,22,2,4.341,0.179,0,—,—
evt-843e8935e96a,2026-06-01T18:40:00Z,normal-0091,normal_activity,Benign,Cloud,user-012,analytics-warehouse,run_approved_query,US,0.993,2,24,2,12.182,0.029,0,—,—
evt-3efed0b7afbd,2026-06-01T18:47:00Z,normal-0092,normal_activity,Benign,AI Agent,user-013,support-agent,agent_summarize_ticket,GB,0.864,2,24,1,1.041,0.033,0,—,—
evt-359c3c24f5c8,2026-06-01T18:52:00Z,normal-0093,normal_activity,Benign,Identity,user-014,workforce-sso,interactive_login,DE,0.92,2,20,1,0.471,0.146,0,—,—
evt-b60d5c862dce,2026-06-01T18:58:00Z,normal-0094,normal_activity,Benign,AI Agent,user-015,support-agent,agent_summarize_ticket,SG,0.81,2,35,1,0.236,0.098,0,—,—
evt-87dc0aedd98e,2026-06-01T19:06:00Z,normal-0095,normal_activity,Benign,GitHub,user-016,engineering-repo,list_assigned_issues,AU,0.787,2,29,1,1.684,0.103,0,—,—
evt-b2df1ded9209,2026-06-01T19:13:00Z,normal-0096,normal_activity,Benign,GitHub,user-017,engineering-repo,list_assigned_issues,IN,0.793,2,8,1,1.403,0.209,0,—,—
evt-2cfcb4c7164d,2026-06-01T19:22:00Z,normal-0097,normal_activity,Benign,GitHub,user-018,engineering-repo,list_assigned_issues,IN,0.834,2,37,1,1.315,0.053,0,—,—
evt-cb60df8977fb,2026-06-01T19:30:00Z,normal-0098,normal_activity,Benign,AI Agent,user-019,support-agent,agent_summarize_ticket,US,0.781,2,10,1,0.307,0.217,0,—,—
evt-085226b9497f,2026-06-01T19:37:00Z,normal-0099,normal_activity,Benign,SaaS,user-020,document-store,read_project_document,US,0.91,1,17,1,1.212,0.021,0,—,—
evt-0286dff20198,2026-06-01T19:43:00Z,normal-0100,normal_activity,Benign,Identity,user-021,workforce-sso,interactive_login,GB,0.879,2,3,1,0.526,0.163,0,—,—
evt-06dddb93db57,2026-06-01T19:51:00Z,normal-0101,normal_activity,Benign,Cloud,user-022,analytics-warehouse,run_approved_query,DE,0.931,2,29,2,13.982,0.025,0,—,—
evt-8f24ad508823,2026-06-01T19:54:00Z,normal-0102,normal_activity,Benign,GitHub,user-023,engineering-repo,list_assigned_issues,SG,0.864,2,19,1,0.34,0.105,0,—,—
evt-724bfc0e39bc,2026-06-01T20:05:00Z,normal-0103,normal_activity,Benign,AI Agent,user-024,support-agent,agent_summarize_ticket,AU,0.939,2,29,1,1.329,0.196,0,—,—
evt-b7d0e95ff359,2026-06-01T20:11:00Z,normal-0104,normal_activity,Benign,GitHub,user-025,engineering-repo,list_assigned_issues,IN,0.862,2,31,1,0.89,0.024,0,—,—
evt-8ba27c30c5f6,2026-06-01T20:15:00Z,normal-0105,normal_activity,Benign,AI Agent,user-026,support-agent,agent_summarize_ticket,IN,0.99,2,8,1,0.879,0.096,0,—,—
evt-9a90f7ecb37e,2026-06-01T20:25:00Z,normal-0106,normal_activity,Benign,AI Agent,user-027,support-agent,agent_summarize_ticket,US,0.892,2,31,1,0.592,0.057,0,—,—
evt-b117f58f5291,2026-06-01T20:29:00Z,normal-0107,normal_activity,Benign,Cloud,user-028,analytics-warehouse,run_approved_query,US,0.966,2,36,2,4.621,0.016,0,—,—
evt-4c532acdc4de,2026-06-01T20:38:00Z,normal-0108,normal_activity,Benign,SaaS,user-029,document-store,read_project_document,GB,0.971,2,26,1,1.785,0.025,0,—,—
evt-303f50b8db00,2026-06-01T20:43:00Z,normal-0109,normal_activity,Benign,GitHub,user-030,engineering-repo,list_assigned_issues,DE,0.939,2,37,1,0.815,0.135,0,—,—
evt-c30176b3f566,2026-06-01T20:50:00Z,normal-0110,normal_activity,Benign,Cloud,user-031,analytics-warehouse,run_approved_query,SG,0.887,2,18,2,2.061,0.055,0,—,—
evt-192e7367b710,2026-06-01T21:01:00Z,normal-0111,normal_activity,Benign,GitHub,user-032,engineering-repo,list_assigned_issues,AU,0.79,2,4,1,0.638,0.012,0,—,—
evt-d9ff14ad0fa7,2026-06-01T21:06:00Z,normal-0112,normal_activity,Benign,Cloud,user-033,analytics-warehouse,run_approved_query,IN,0.944,2,25,2,4.763,0.122,0,—,—
evt-5ef8aba6fcf8,2026-06-01T21:12:00Z,normal-0113,normal_activity,Benign,Identity,user-034,workforce-sso,interactive_login,IN,0.876,2,5,1,0.5,0.191,0,—,—
evt-ca1be2f51e55,2026-06-01T21:22:00Z,normal-0114,normal_activity,Benign,GitHub,user-035,engineering-repo,list_assigned_issues,US,0.818,2,30,1,1.316,0.185,0,—,—
evt-98b444ee73e4,2026-06-01T21:27:00Z,normal-0115,normal_activity,Benign,Cloud,user-036,analytics-warehouse,run_approved_query,US,0.972,2,15,2,8.655,0.08,0,—,—
evt-f2d5e0d0a61a,2026-06-01T21:33:00Z,normal-0116,normal_activity,Benign,GitHub,user-037,engineering-repo,list_assigned_issues,GB,0.94,2,10,1,1.108,0.06,0,—,—
evt-2f130ab9ec21,2026-06-01T21:40:00Z,normal-0117,normal_activity,Benign,Cloud,user-038,analytics-warehouse,run_approved_query,DE,0.882,2,38,2,10.869,0.104,0,—,—
evt-4e0758133c24,2026-06-01T21:50:00Z,normal-0118,normal_activity,Benign,Cloud,user-039,analytics-warehouse,run_approved_query,SG,0.795,2,20,2,13.623,0.177,0,—,—
evt-300a0f72fefc,2026-06-01T21:57:00Z,normal-0119,normal_activity,Benign,GitHub,user-040,engineering-repo,list_assigned_issues,AU,0.797,2,6,1,0.69,0.139,0,—,—
evt-74db8b6f8b8b,2026-06-01T22:04:00Z,normal-0120,normal_activity,Benign,AI Agent,user-001,support-agent,agent_summarize_ticket,IN,0.923,2,31,1,0.157,0.115,0,—,—
evt-fd17625d734d,2026-06-01T22:07:00Z,normal-0121,normal_activity,Benign,SaaS,user-002,document-store,read_project_document,IN,0.789,2,29,1,4.904,0.12,0,—,—
evt-9b3e3c3de3e6,2026-06-01T22:18:00Z,normal-0122,normal_activity,Benign,AI Agent,user-003,support-agent,agent_summarize_ticket,US,0.792,2,22,1,0.574,0.024,0,—,—
evt-9cf6b966d74f,2026-06-01T22:21:00Z,normal-0123,normal_activity,Benign,AI Agent,user-004,support-agent,agent_summarize_ticket,US,0.972,2,38,1,1.45,0.149,0,—,—
evt-1393d97d92d3,2026-06-01T22:30:00Z,normal-0124,normal_activity,Benign,Identity,user-005,workforce-sso,interactive_login,GB,0.848,2,22,1,0.31,0.181,0,—,—
evt-8e43da6ae37a,2026-06-01T22:39:00Z,normal-0125,normal_activity,Benign,SaaS,user-006,document-store,read_project_document,DE,0.855,2,13,1,4.089,0.058,0,—,—
evt-f21466dd5888,2026-06-01T22:43:00Z,normal-0126,normal_activity,Benign,AI Agent,user-007,support-agent,agent_summarize_ticket,SG,0.788,2,9,1,0.856,0.135,0,—,—
evt-41bbafd74ec3,2026-06-01T22:50:00Z,normal-0127,normal_activity,Benign,Cloud,user-008,analytics-warehouse,run_approved_query,AU,0.79,2,16,2,11.518,0.214,0,—,—
evt-38467b8b5a88,2026-06-01T23:00:00Z,normal-0128,normal_activity,Benign,Cloud,user-009,analytics-warehouse,run_approved_query,IN,0.979,2,37,2,7.942,0.217,0,—,—
evt-57189942aa36,2026-06-01T23:06:00Z,normal-0129,normal_activity,Benign,SaaS,user-010,document-store,read_project_document,IN,0.956,2,17,1,4.713,0.021,0,—,—
evt-70e22b8ff8d8,2026-06-01T23:13:00Z,normal-0130,normal_activity,Benign,GitHub,user-011,engineering-repo,list_assigned_issues,US,0.798,2,29,1,0.295,0.2,0,—,—
evt-733458db9317,2026-06-01T23:18:00Z,normal-0131,normal_activity,Benign,Identity,user-012,workforce-sso,interactive_login,US,0.871,2,24,1,0.831,0.06,0,—,—
evt-4be6c233b8a3,2026-06-01T23:24:00Z,normal-0132,normal_activity,Benign,SaaS,user-013,document-store,read_project_document,GB,0.81,2,31,1,0.363,0.156,0,—,—
evt-4ac007941a3b,2026-06-01T23:32:00Z,normal-0133,normal_activity,Benign,SaaS,user-014,document-store,read_project_document,DE,0.964,2,34,1,2.921,0.099,0,—,—
evt-3b8df4f0decd,2026-06-01T23:40:00Z,normal-0134,normal_activity,Benign,Identity,user-015,workforce-sso,interactive_login,SG,0.804,2,35,1,0.238,0.013,0,—,—
evt-b161f9a6e9a5,2026-06-01T23:49:00Z,normal-0135,normal_activity,Benign,AI Agent,user-016,support-agent,agent_summarize_ticket,AU,0.872,2,6,1,0.594,0.12,0,—,—
evt-e0ccb1501457,2026-06-01T23:54:00Z,normal-0136,normal_activity,Benign,Cloud,user-017,analytics-warehouse,run_approved_query,IN,0.972,1,25,2,13.848,0.216,0,—,—
evt-08e357145da3,2026-06-02T00:01:00Z,normal-0137,normal_activity,Benign,Identity,user-018,workforce-sso,interactive_login,IN,0.95,2,22,1,0.747,0.038,0,—,—
evt-0d463c8c8163,2026-06-02T00:08:00Z,normal-0138,normal_activity,Benign,Cloud,user-019,analytics-warehouse,run_approved_query,US,0.919,2,5,2,11.129,0.16,0,—,—
evt-b29be9c007d8,2026-06-02T00:16:00Z,normal-0139,normal_activity,Benign,GitHub,user-020,engineering-repo,list_assigned_issues,US,0.893,2,35,1,1.603,0.109,0,—,—
evt-78057e92b791,2026-06-02T00:20:00Z,normal-0140,normal_activity,Benign,GitHub,user-021,engineering-repo,list_assigned_issues,GB,0.84,2,28,1,0.778,0.197,0,—,—
evt-926e75eadefb,2026-06-02T00:30:00Z,normal-0141,normal_activity,Benign,AI Agent,user-022,support-agent,agent_summarize_ticket,DE,0.839,2,28,1,0.797,0.027,0,—,—
evt-4d724c6fa6c4,2026-06-02T00:38:00Z,normal-0142,normal_activity,Benign,GitHub,user-023,engineering-repo,list_assigned_issues,SG,0.847,2,28,1,0.658,0.045,0,—,—
evt-268d74444bf1,2026-06-02T00:44:00Z,normal-0143,normal_activity,Benign,GitHub,user-024,engineering-repo,list_assigned_issues,AU,0.921,2,4,1,1.753,0.026,0,—,—
evt-40ac48dff323,2026-06-02T00:51:00Z,normal-0144,normal_activity,Benign,AI Agent,user-025,support-agent,agent_summarize_ticket,IN,0.929,2,9,1,0.3,0.024,0,—,—
evt-c9bc09c4ef9d,2026-06-02T00:57:00Z,normal-0145,normal_activity,Benign,GitHub,user-026,engineering-repo,list_assigned_issues,IN,0.862,2,37,1,0.162,0.039,0,—,—
evt-2516deecef4c,2026-06-02T01:04:00Z,normal-0146,normal_activity,Benign,Cloud,user-027,analytics-warehouse,run_approved_query,US,0.894,2,8,2,2.475,0.065,0,—,—
evt-c7e4843c3a12,2026-06-02T01:11:00Z,normal-0147,normal_activity,Benign,SaaS,user-028,document-store,read_project_document,US,0.807,2,29,1,1.445,0.046,0,—,—
evt-557b7283c845,2026-06-02T01:19:00Z,normal-0148,normal_activity,Benign,Identity,user-029,workforce-sso,interactive_login,GB,0.901,2,20,1,0.997,0.189,0,—,—
evt-e7326a8076f0,2026-06-02T01:24:00Z,normal-0149,normal_activity,Benign,Cloud,user-030,analytics-warehouse,run_approved_query,DE,0.786,2,24,2,3.613,0.108,0,—,—
evt-74576014cf14,2026-06-02T01:34:00Z,normal-0150,normal_activity,Benign,Cloud,user-031,analytics-warehouse,run_approved_query,SG,0.896,2,37,2,6.176,0.025,0,—,—
evt-130d2f4d3a90,2026-06-02T01:39:00Z,normal-0151,normal_activity,Benign,AI Agent,user-032,support-agent,agent_summarize_ticket,AU,0.921,2,9,1,1.329,0.101,0,—,—
evt-f68410429cac,2026-06-02T01:44:00Z,normal-0152,normal_activity,Benign,SaaS,user-033,document-store,read_project_document,IN,0.856,2,19,1,3.205,0.188,0,—,—
evt-cbdfa471877e,2026-06-02T01:53:00Z,normal-0153,normal_activity,Benign,Identity,user-034,workforce-sso,interactive_login,IN,0.891,2,38,1,0.196,0.042,0,—,—
evt-719958e2389a,2026-06-02T02:02:00Z,normal-0154,normal_activity,Benign,Identity,user-035,workforce-sso,interactive_login,US,0.798,2,37,1,0.721,0.066,0,—,—
evt-719c4638498d,2026-06-02T02:06:00Z,normal-0155,normal_activity,Benign,GitHub,user-036,engineering-repo,list_assigned_issues,US,0.921,2,16,1,1.314,0.179,0,—,—
evt-4f36e5f2ccb8,2026-06-02T02:15:00Z,normal-0156,normal_activity,Benign,SaaS,user-037,document-store,read_project_document,GB,0.855,2,21,1,0.623,0.164,0,—,—
evt-b3623419ff32,2026-06-02T02:21:00Z,normal-0157,normal_activity,Benign,Cloud,user-038,analytics-warehouse,run_approved_query,DE,0.807,2,10,2,8.301,0.03,0,—,—
evt-f8fbd74f24ee,2026-06-02T02:28:00Z,normal-0158,normal_activity,Benign,GitHub,user-039,engineering-repo,list_assigned_issues,SG,0.985,2,13,1,0.894,0.17,0,—,—
evt-cdb932bd78ec,2026-06-02T02:36:00Z,normal-0159,normal_activity,Benign,Cloud,user-040,analytics-warehouse,run_approved_query,AU,0.891,2,14,2,7.466,0.133,0,—,—
evt-758b125dcdc6,2026-06-02T02:40:00Z,normal-0160,normal_activity,Benign,AI Agent,user-001,support-agent,agent_summarize_ticket,IN,0.782,2,9,1,0.759,0.195,0,—,—
evt-391b90c0cf52,2026-06-02T02:49:00Z,normal-0161,normal_activity,Benign,AI Agent,user-002,support-agent,agent_summarize_ticket,IN,0.843,2,29,1,0.373,0.171,0,—,—
evt-0b2978da482e,2026-06-02T02:56:00Z,normal-0162,normal_activity,Benign,GitHub,user-003,engineering-repo,list_assigned_issues,US,0.955,2,24,1,1.261,0.169,0,—,—
evt-9d0f36e45bb1,2026-06-02T03:02:00Z,normal-0163,normal_activity,Benign,Cloud,user-004,analytics-warehouse,run_approved_query,US,0.894,2,33,2,1.506,0.039,0,—,—
evt-30dc8d7489f0,2026-06-02T03:12:00Z,normal-0164,normal_activity,Benign,AI Agent,user-005,support-agent,agent_summarize_ticket,GB,0.962,2,37,1,0.931,0.073,0,—,—
evt-070f97063c71,2026-06-02T03:15:00Z,normal-0165,normal_activity,Benign,Identity,user-006,workforce-sso,interactive_login,DE,0.911,2,38,1,0.368,0.131,0,—,—
evt-686d1071c8e3,2026-06-02T03:22:00Z,normal-0166,normal_activity,Benign,SaaS,user-007,document-store,read_project_document,SG,0.961,2,37,1,1.189,0.209,0,—,—
evt-b51bf4dedb05,2026-06-02T03:29:00Z,normal-0167,normal_activity,Benign,AI Agent,user-008,support-agent,agent_summarize_ticket,AU,0.95,2,4,1,0.385,0.158,0,—,—
evt-f9047257c3e6,2026-06-02T03:40:00Z,normal-0168,normal_activity,Benign,SaaS,user-009,document-store,read_project_document,IN,0.881,2,35,1,2.085,0.084,0,—,—
evt-0867ccbc2a1d,2026-06-02T03:45:00Z,normal-0169,normal_activity,Benign,GitHub,user-010,engineering-repo,list_assigned_issues,IN,0.95,2,32,1,0.568,0.077,0,—,—
evt-662788311dc0,2026-06-02T03:52:00Z,normal-0170,normal_activity,Benign,AI Agent,user-011,support-agent,agent_summarize_ticket,US,0.864,2,23,1,0.903,0.21,0,—,—
evt-d814333f5641,2026-06-02T03:58:00Z,normal-0171,normal_activity,Benign,GitHub,user-012,engineering-repo,list_assigned_issues,US,0.944,2,35,1,1.457,0.067,0,—,—
evt-14f75391f492,2026-06-02T04:08:00Z,normal-0172,normal_activity,Benign,AI Agent,user-013,support-agent,agent_summarize_ticket,GB,0.83,2,7,1,0.439,0.097,0,—,—
evt-498b95fd4973,2026-06-02T04:14:00Z,normal-0173,normal_activity,Benign,Cloud,user-014,analytics-warehouse,run_approved_query,DE,0.924,2,31,2,8.155,0.11,0,—,—
evt-3d022e1b3dde,2026-06-02T04:19:00Z,normal-0174,normal_activity,Benign,AI Agent,user-015,support-agent,agent_summarize_ticket,SG,0.831,2,3,1,1.176,0.202,0,—,—
evt-4c7b395122d7,2026-06-02T04:26:00Z,normal-0175,normal_activity,Benign,Cloud,user-016,analytics-warehouse,run_approved_query,AU,0.821,2,19,2,1.472,0.194,0,—,—
evt-d5de227eabc5,2026-06-02T04:32:00Z,normal-0176,normal_activity,Benign,AI Agent,user-017,support-agent,agent_summarize_ticket,IN,0.895,2,9,1,0.736,0.189,0,—,—
evt-c4af77e5558f,2026-06-02T04:42:00Z,normal-0177,normal_activity,Benign,SaaS,user-018,document-store,read_project_document,IN,0.783,2,19,1,4.891,0.129,0,—,—
evt-eaabadc0cb74,2026-06-02T04:47:00Z,normal-0178,normal_activity,Benign,Identity,user-019,workforce-sso,interactive_login,US,0.868,2,9,1,0.175,0.11,0,—,—
evt-55f76e781c09,2026-06-02T04:54:00Z,normal-0179,normal_activity,Benign,AI Agent,user-020,support-agent,agent_summarize_ticket,US,0.939,1,24,1,0.561,0.155,0,—,—
evt-f39ac6dd16e9,2026-06-02T05:00:00Z,normal-0180,normal_activity,Benign,GitHub,user-021,engineering-repo,list_assigned_issues,GB,0.932,2,19,1,0.403,0.087,0,—,—
evt-fb21bac92e45,2026-06-02T05:08:00Z,normal-0181,normal_activity,Benign,Cloud,user-022,analytics-warehouse,run_approved_query,DE,0.934,2,35,2,10.721,0.178,0,—,—
evt-a48a38c477c4,2026-06-02T05:15:00Z,normal-0182,normal_activity,Benign,AI Agent,user-023,support-agent,agent_summarize_ticket,SG,0.935,1,37,1,0.836,0.034,0,—,—
evt-2f14d10e6a96,2026-06-02T05:25:00Z,normal-0183,normal_activity,Benign,Cloud,user-024,analytics-warehouse,run_approved_query,AU,0.806,2,38,2,3.139,0.113,0,—,—
evt-1a7bfbb241c6,2026-06-02T05:32:00Z,normal-0184,normal_activity,Benign,AI Agent,user-025,support-agent,agent_summarize_ticket,IN,0.882,2,2,1,0.889,0.093,0,—,—
evt-231005a78283,2026-06-02T05:35:00Z,normal-0185,normal_activity,Benign,Identity,user-026,workforce-sso,interactive_login,IN,0.986,1,31,1,0.746,0.017,0,—,—
evt-ff3d93e8c0ca,2026-06-02T05:45:00Z,normal-0186,normal_activity,Benign,GitHub,user-027,engineering-repo,list_assigned_issues,US,0.998,2,25,1,1.319,0.089,0,—,—
evt-19d392822f91,2026-06-02T05:53:00Z,normal-0187,normal_activity,Benign,SaaS,user-028,document-store,read_project_document,US,0.94,2,1,1,5.19,0.169,0,—,—
evt-bf7cf47fd830,2026-06-02T05:58:00Z,normal-0188,normal_activity,Benign,Cloud,user-029,analytics-warehouse,run_approved_query,GB,0.856,2,8,2,5.931,0.017,0,—,—
evt-50a90f6f6e53,2026-06-02T06:06:00Z,normal-0189,normal_activity,Benign,AI Agent,user-030,support-agent,agent_summarize_ticket,DE,0.787,2,4,1,0.194,0.061,0,—,—
evt-15847bb79d67,2026-06-02T06:10:00Z,normal-0190,normal_activity,Benign,AI Agent,user-031,support-agent,agent_summarize_ticket,SG,0.999,2,37,1,0.179,0.077,0,—,—
evt-d6157ec4ad40,2026-06-02T06:21:00Z,normal-0191,normal_activity,Benign,AI Agent,user-032,support-agent,agent_summarize_ticket,AU,0.829,2,4,1,1.48,0.127,0,—,—
evt-7fc06c41646a,2026-06-02T06:28:00Z,normal-0192,normal_activity,Benign,GitHub,user-033,engineering-repo,list_assigned_issues,IN,0.987,2,34,1,1.289,0.077,0,—,—
evt-7a6f357e307d,2026-06-02T06:34:00Z,normal-0193,normal_activity,Benign,SaaS,user-034,document-store,read_project_document,IN,0.846,2,30,1,1.939,0.202,0,—,—
evt-db6157e2a858,2026-06-02T06:42:00Z,normal-0194,normal_activity,Benign,GitHub,user-035,engineering-repo,list_assigned_issues,US,0.922,2,24,1,1.107,0.029,0,—,—
evt-38b2cd67a73a,2026-06-02T06:46:00Z,normal-0195,normal_activity,Benign,AI Agent,user-036,support-agent,agent_summarize_ticket,US,0.939,2,31,1,0.202,0.054,0,—,—
evt-561813b953d3,2026-06-02T06:54:00Z,normal-0196,normal_activity,Benign,Cloud,user-037,analytics-warehouse,run_approved_query,GB,0.981,2,14,2,3.47,0.093,0,—,—
evt-ddbc0eee4a26,2026-06-02T07:00:00Z,normal-0197,normal_activity,Benign,GitHub,user-038,engineering-repo,list_assigned_issues,DE,0.859,2,30,1,0.823,0.031,0,—,—
evt-977b1b1bc020,2026-06-02T07:09:00Z,normal-0198,normal_activity,Benign,SaaS,user-039,document-store,read_project_document,SG,0.943,1,36,1,2.057,0.206,0,—,—
evt-8d5735e994ea,2026-06-02T07:17:00Z,normal-0199,normal_activity,Benign,SaaS,user-040,document-store,read_project_document,AU,0.89,2,22,1,1.912,0.064,0,—,—
evt-bce612a153f9,2026-06-02T07:23:00Z,normal-0200,normal_activity,Benign,SaaS,user-001,document-store,read_project_document,IN,0.811,2,12,1,3.922,0.203,0,—,—
evt-2aab5859f810,2026-06-02T07:31:00Z,normal-0201,normal_activity,Benign,Identity,user-002,workforce-sso,interactive_login,IN,0.948,2,15,1,0.99,0.024,0,—,—
evt-36f110d3f266,2026-06-02T07:35:00Z,normal-0202,normal_activity,Benign,AI Agent,user-003,support-agent,agent_summarize_ticket,US,0.981,2,2,1,1.033,0.011,0,—,—
evt-6fd54c342422,2026-06-02T07:45:00Z,normal-0203,normal_activity,Benign,AI Agent,user-004,support-agent,agent_summarize_ticket,US,0.959,2,12,1,0.501,0.032,0,—,—
evt-443350aa0f15,2026-06-02T07:48:00Z,normal-0204,normal_activity,Benign,Cloud,user-005,analytics-warehouse,run_approved_query,GB,0.797,2,30,2,4.281,0.129,0,—,—
evt-0c061b29537a,2026-06-02T07:56:00Z,normal-0205,normal_activity,Benign,Identity,user-006,workforce-sso,interactive_login,DE,0.801,2,36,1,0.3,0.11,0,—,—
evt-2df74bffbdee,2026-06-02T08:02:00Z,normal-0206,normal_activity,Benign,Identity,user-007,workforce-sso,interactive_login,SG,0.977,2,15,1,0.703,0.054,0,—,—
evt-1d8a57125fb1,2026-06-02T08:13:00Z,normal-0207,normal_activity,Benign,AI Agent,user-008,support-agent,agent_summarize_ticket,AU,0.925,2,21,1,1.359,0.013,0,—,—
evt-fa91a0706a8c,2026-06-02T08:17:00Z,normal-0208,normal_activity,Benign,SaaS,user-009,document-store,read_project_document,IN,0.904,2,25,1,4.563,0.152,0,—,—
evt-fb1ac6f34263,2026-06-02T08:27:00Z,normal-0209,normal_activity,Benign,AI Agent,user-010,support-agent,agent_summarize_ticket,IN,0.944,2,7,1,1.114,0.102,0,—,—
evt-41bf93b0fead,2026-06-02T08:30:00Z,normal-0210,normal_activity,Benign,Identity,user-011,workforce-sso,interactive_login,US,0.92,2,29,1,0.341,0.113,0,—,—
evt-93ee73076baf,2026-06-02T08:39:00Z,normal-0211,normal_activity,Benign,AI Agent,user-012,support-agent,agent_summarize_ticket,US,0.845,2,5,1,0.632,0.027,0,—,—
evt-c09d08f1311b,2026-06-02T08:45:00Z,normal-0212,normal_activity,Benign,Identity,user-013,workforce-sso,interactive_login,GB,0.781,2,24,1,0.38,0.17,0,—,—
evt-9d77c73e3066,2026-06-02T08:51:00Z,normal-0213,normal_activity,Benign,Identity,user-014,workforce-sso,interactive_login,DE,0.8,2,21,1,0.133,0.191,0,—,—
evt-6d03fd55c9df,2026-06-02T08:58:00Z,normal-0214,normal_activity,Benign,SaaS,user-015,document-store,read_project_document,SG,0.906,2,25,1,2.449,0.046,0,—,—
evt-0c775411d7dd,2026-06-02T09:07:00Z,normal-0215,normal_activity,Benign,Cloud,user-016,analytics-warehouse,run_approved_query,AU,0.952,2,16,2,6.651,0.161,0,—,—
evt-7fe6f12686d5,2026-06-02T09:15:00Z,normal-0216,normal_activity,Benign,GitHub,user-017,engineering-repo,list_assigned_issues,IN,0.965,2,22,1,0.303,0.102,0,—,—
evt-91a88d443feb,2026-06-02T09:22:00Z,normal-0217,normal_activity,Benign,SaaS,user-018,document-store,read_project_document,IN,0.885,2,26,1,5.185,0.213,0,—,—
evt-e4335ddb08a5,2026-06-02T09:28:00Z,normal-0218,normal_activity,Benign,GitHub,user-019,engineering-repo,list_assigned_issues,US,0.96,2,8,1,1.939,0.206,0,—,—
evt-14a156328c60,2026-06-02T09:34:00Z,normal-0219,normal_activity,Benign,Cloud,user-020,analytics-warehouse,run_approved_query,US,0.987,2,19,2,8.151,0.185,0,—,—
evt-46edd6e3baf0,2026-06-02T09:40:00Z,normal-0220,normal_activity,Benign,SaaS,user-021,document-store,read_project_document,GB,0.836,2,28,1,4.815,0.176,0,—,—
evt-9637371ee040,2026-06-02T09:47:00Z,normal-0221,normal_activity,Benign,Cloud,user-022,analytics-warehouse,run_approved_query,DE,0.9,2,24,2,7.947,0.157,0,—,—
evt-a9650bf1233f,2026-06-02T09:58:00Z,normal-0222,normal_activity,Benign,SaaS,user-023,document-store,read_project_document,SG,0.922,1,26,1,5.504,0.213,0,—,—
evt-d075505311cd,2026-06-02T10:03:00Z,normal-0223,normal_activity,Benign,AI Agent,user-024,support-agent,agent_summarize_ticket,AU,0.903,2,15,1,0.815,0.104,0,—,—
evt-a430e80aa65b,2026-06-02T10:11:00Z,normal-0224,normal_activity,Benign,Cloud,user-025,analytics-warehouse,run_approved_query,IN,0.803,2,6,2,2.96,0.034,0,—,—
evt-3aad4f80dd6e,2026-06-02T10:16:00Z,normal-0225,normal_activity,Benign,Identity,user-026,workforce-sso,interactive_login,IN,0.876,2,21,1,0.348,0.024,0,—,—
evt-00bbb9f224b9,2026-06-02T10:22:00Z,normal-0226,normal_activity,Benign,SaaS,user-027,document-store,read_project_document,US,0.985,2,34,1,0.867,0.047,0,—,—
evt-562c8dcf7acc,2026-06-02T10:30:00Z,normal-0227,normal_activity,Benign,SaaS,user-028,document-store,read_project_document,US,0.921,2,2,1,2.673,0.165,0,—,—
evt-56b5e480daa8,2026-06-02T10:37:00Z,normal-0228,normal_activity,Benign,Identity,user-029,workforce-sso,interactive_login,GB,0.907,2,35,1,0.45,0.049,0,—,—
evt-be97ca1e1d55,2026-06-02T10:45:00Z,normal-0229,normal_activity,Benign,GitHub,user-030,engineering-repo,list_assigned_issues,DE,0.911,2,38,1,1.374,0.034,0,—,—
evt-5ebbd546ae66,2026-06-02T10:52:00Z,normal-0230,normal_activity,Benign,AI Agent,user-031,support-agent,agent_summarize_ticket,SG,0.91,2,21,1,0.516,0.035,0,—,—
evt-a955bfb0ffa7,2026-06-02T10:59:00Z,normal-0231,normal_activity,Benign,AI Agent,user-032,support-agent,agent_summarize_ticket,AU,0.864,2,35,1,0.935,0.156,0,—,—
evt-1c85a32aa01e,2026-06-02T11:05:00Z,normal-0232,normal_activity,Benign,Identity,user-033,workforce-sso,interactive_login,IN,0.97,2,32,1,0.555,0.039,0,—,—
evt-f1cff7b4b126,2026-06-02T11:14:00Z,normal-0233,normal_activity,Benign,Cloud,user-034,analytics-warehouse,run_approved_query,IN,0.888,2,2,2,9.901,0.177,0,—,—
evt-3cbd49fca244,2026-06-02T11:19:00Z,normal-0234,normal_activity,Benign,Cloud,user-035,analytics-warehouse,run_approved_query,US,0.901,2,8,2,3.187,0.066,0,—,—
evt-4a4641ce5cab,2026-06-02T11:29:00Z,normal-0235,normal_activity,Benign,AI Agent,user-036,support-agent,agent_summarize_ticket,US,0.828,2,16,1,1.107,0.073,0,—,—
evt-08c0e3125546,2026-06-02T11:32:00Z,normal-0236,normal_activity,Benign,SaaS,user-037,document-store,read_project_document,GB,0.826,2,23,1,2.222,0.191,0,—,—
evt-7520a29435e8,2026-06-02T11:43:00Z,normal-0237,normal_activity,Benign,Identity,user-038,workforce-sso,interactive_login,DE,0.905,2,35,1,0.633,0.045,0,—,—
evt-8114321a53bf,2026-06-02T11:48:00Z,normal-0238,normal_activity,Benign,Identity,user-039,workforce-sso,interactive_login,SG,0.81,2,27,1,0.289,0.203,0,—,—
evt-2141a2c08176,2026-06-02T11:55:00Z,normal-0239,normal_activity,Benign,SaaS,user-040,document-store,read_project_document,AU,0.948,2,32,1,0.936,0.04,0,—,—
evt-ad28320a3565,2026-06-02T12:02:00Z,normal-0240,normal_activity,Benign,Cloud,user-001,analytics-warehouse,run_approved_query,IN,0.893,2,24,2,11.33,0.105,0,—,—
evt-04cdaed15ebd,2026-06-02T12:10:00Z,normal-0241,normal_activity,Benign,Cloud,user-002,analytics-warehouse,run_approved_query,IN,0.92,2,5,2,10.525,0.177,0,—,—
evt-7382afb496be,2026-06-02T12:17:00Z,normal-0242,normal_activity,Benign,GitHub,user-003,engineering-repo,list_assigned_issues,US,0.9,2,32,1,0.503,0.176,0,—,—
evt-b31246bd8558,2026-06-02T12:21:00Z,normal-0243,normal_activity,Benign,SaaS,user-004,document-store,read_project_document,US,0.877,1,28,1,3.832,0.052,0,—,—
evt-8fdaf0e84f21,2026-06-02T12:29:00Z,normal-0244,normal_activity,Benign,GitHub,user-005,engineering-repo,list_assigned_issues,GB,0.835,2,11,1,1.761,0.021,0,—,—
evt-c8eb5a1c15e2,2026-06-02T12:37:00Z,normal-0245,normal_activity,Benign,SaaS,user-006,document-store,read_project_document,DE,0.885,2,15,1,4.58,0.119,0,—,—
evt-749ded545dd0,2026-06-02T12:45:00Z,normal-0246,normal_activity,Benign,SaaS,user-007,document-store,read_project_document,SG,0.885,2,6,1,4.234,0.163,0,—,—
evt-d4110eaddb06,2026-06-02T12:49:00Z,normal-0247,normal_activity,Benign,SaaS,user-008,document-store,read_project_document,AU,0.921,2,5,1,2.332,0.121,0,—,—
evt-88f80d2c2714,2026-06-02T12:56:00Z,normal-0248,normal_activity,Benign,Cloud,user-009,analytics-warehouse,run_approved_query,IN,0.916,2,14,2,3.77,0.028,0,—,—
evt-7dbac5d0256c,2026-06-02T13:03:00Z,normal-0249,normal_activity,Benign,SaaS,user-010,document-store,read_project_document,IN,0.835,2,16,1,0.914,0.126,0,—,—
evt-053b35826770,2026-06-02T13:14:00Z,normal-0250,normal_activity,Benign,GitHub,user-011,engineering-repo,list_assigned_issues,US,0.825,2,13,1,1.888,0.167,0,—,—
evt-1d81fcf87832,2026-06-02T13:19:00Z,normal-0251,normal_activity,Benign,SaaS,user-012,document-store,read_project_document,US,0.89,2,34,1,4.746,0.197,0,—,—
evt-5470610d8e3a,2026-06-02T13:24:00Z,normal-0252,normal_activity,Benign,GitHub,user-013,engineering-repo,list_assigned_issues,GB,0.9,2,31,1,0.351,0.21,0,—,—
evt-b6c1ca8aeaa6,2026-06-02T13:31:00Z,normal-0253,normal_activity,Benign,Cloud,user-014,analytics-warehouse,run_approved_query,DE,0.891,2,33,2,1.518,0.171,0,—,—
evt-1af93764b97e,2026-06-02T13:41:00Z,normal-0254,normal_activity,Benign,GitHub,user-015,engineering-repo,list_assigned_issues,SG,0.797,2,10,1,1.119,0.123,0,—,—
evt-c7b800db0012,2026-06-02T13:48:00Z,normal-0255,normal_activity,Benign,Cloud,user-016,analytics-warehouse,run_approved_query,AU,0.941,2,4,2,9.361,0.061,0,—,—
evt-8985b30d1adc,2026-06-02T13:55:00Z,normal-0256,normal_activity,Benign,SaaS,user-017,document-store,read_project_document,IN,0.806,2,1,1,3.751,0.044,0,—,—
evt-5a99ba39e970,2026-06-02T14:01:00Z,normal-0257,normal_activity,Benign,GitHub,user-018,engineering-repo,list_assigned_issues,IN,0.941,2,2,1,1.469,0.08,0,—,—
evt-c6f2b26618b6,2026-06-02T14:09:00Z,normal-0258,normal_activity,Benign,Cloud,user-019,analytics-warehouse,run_approved_query,US,0.892,1,37,2,8.496,0.045,0,—,—
evt-c43bdb284593,2026-06-02T14:14:00Z,normal-0259,normal_activity,Benign,AI Agent,user-020,support-agent,agent_summarize_ticket,US,0.781,2,1,1,0.42,0.061,0,—,—
evt-55b5ff106f89,2026-06-02T14:23:00Z,normal-0260,normal_activity,Benign,Cloud,user-021,analytics-warehouse,run_approved_query,GB,0.829,2,21,2,13.484,0.067,0,—,—
evt-fa04f078576d,2026-06-02T14:27:00Z,normal-0261,normal_activity,Benign,AI Agent,user-022,support-agent,agent_summarize_ticket,DE,0.996,2,5,1,0.412,0.194,0,—,—
evt-90fd0b88cb1e,2026-06-02T14:36:00Z,normal-0262,normal_activity,Benign,GitHub,user-023,engineering-repo,list_assigned_issues,SG,0.904,2,16,1,0.264,0.107,0,—,—
evt-2fbbbdd98fd0,2026-06-02T14:45:00Z,normal-0263,normal_activity,Benign,SaaS,user-024,document-store,read_project_document,AU,0.813,2,2,1,5.987,0.059,0,—,—
evt-8ceb2cb04bbd,2026-06-02T14:50:00Z,normal-0264,normal_activity,Benign,Cloud,user-025,analytics-warehouse,run_approved_query,IN,0.967,2,7,2,5.355,0.053,0,—,—
evt-d5b9ecf56dbf,2026-06-02T14:56:00Z,normal-0265,normal_activity,Benign,Identity,user-026,workforce-sso,interactive_login,IN,0.983,2,34,1,0.42,0.097,0,—,—
evt-1463e902ea2a,2026-06-02T15:04:00Z,normal-0266,normal_activity,Benign,Cloud,user-027,analytics-warehouse,run_approved_query,US,0.796,2,28,2,7.571,0.149,0,—,—
evt-d473ac40f30e,2026-06-02T15:10:00Z,normal-0267,normal_activity,Benign,GitHub,user-028,engineering-repo,list_assigned_issues,US,0.85,2,5,1,0.699,0.208,0,—,—
evt-47239ba35639,2026-06-02T15:17:00Z,normal-0268,normal_activity,Benign,Cloud,user-029,analytics-warehouse,run_approved_query,GB,0.807,2,14,2,3.137,0.105,0,—,—
evt-81850a85891c,2026-06-02T15:26:00Z,normal-0269,normal_activity,Benign,AI Agent,user-030,support-agent,agent_summarize_ticket,DE,0.789,2,21,1,1.257,0.041,0,—,—
evt-cf0107fcac0a,2026-06-02T15:31:00Z,normal-0270,normal_activity,Benign,SaaS,user-031,document-store,read_project_document,SG,0.787,2,29,1,2.498,0.127,0,—,—
evt-e9e3fd105275,2026-06-02T15:41:00Z,normal-0271,normal_activity,Benign,SaaS,user-032,document-store,read_project_document,AU,0.809,2,24,1,2.88,0.154,0,—,—
evt-21509cf5940f,2026-06-02T15:44:00Z,normal-0272,normal_activity,Benign,Cloud,user-033,analytics-warehouse,run_approved_query,IN,0.958,2,22,2,1.283,0.036,0,—,—
evt-5a728ddda787,2026-06-02T15:54:00Z,normal-0273,normal_activity,Benign,Cloud,user-034,analytics-warehouse,run_approved_query,IN,0.93,2,14,2,10.418,0.201,0,—,—
evt-f0b5558b077c,2026-06-02T16:00:00Z,normal-0274,normal_activity,Benign,GitHub,user-035,engineering-repo,list_assigned_issues,US,0.89,2,31,1,0.166,0.023,0,—,—
evt-b4841fc7f98d,2026-06-02T16:07:00Z,normal-0275,normal_activity,Benign,AI Agent,user-036,support-agent,agent_summarize_ticket,US,0.955,2,23,1,0.449,0.111,0,—,—
evt-53e2dd2f0523,2026-06-02T16:15:00Z,normal-0276,normal_activity,Benign,AI Agent,user-037,support-agent,agent_summarize_ticket,GB,0.828,2,18,1,0.136,0.022,0,—,—
evt-b7cbcfa10eae,2026-06-02T16:22:00Z,normal-0277,normal_activity,Benign,SaaS,user-038,document-store,read_project_document,DE,0.839,2,4,1,4.648,0.17,0,—,—
evt-e208b80ef1b9,2026-06-02T16:27:00Z,normal-0278,normal_activity,Benign,SaaS,user-039,document-store,read_project_document,SG,0.819,2,23,1,5.899,0.202,0,—,—
evt-5bec0a6b3bc7,2026-06-02T16:33:00Z,normal-0279,normal_activity,Benign,Cloud,user-040,analytics-warehouse,run_approved_query,AU,0.899,2,3,2,2.847,0.029,0,—,—
evt-f2129e85fca0,2026-06-02T16:41:00Z,normal-0280,normal_activity,Benign,SaaS,user-001,document-store,read_project_document,IN,0.855,2,21,1,0.316,0.023,0,—,—
evt-36be700c9bf3,2026-06-02T16:48:00Z,normal-0281,normal_activity,Benign,Identity,user-002,workforce-sso,interactive_login,IN,0.862,2,26,1,0.587,0.133,0,—,—
evt-5c9fffb20ece,2026-06-02T16:56:00Z,normal-0282,normal_activity,Benign,Cloud,user-003,analytics-warehouse,run_approved_query,US,0.923,2,36,2,13.333,0.156,0,—,—
evt-d4fee06a432d,2026-06-02T17:05:00Z,normal-0283,normal_activity,Benign,GitHub,user-004,engineering-repo,list_assigned_issues,US,0.808,2,37,1,1.219,0.092,0,—,—
evt-20f31e1a4c5d,2026-06-02T17:12:00Z,normal-0284,normal_activity,Benign,AI Agent,user-005,support-agent,agent_summarize_ticket,GB,0.803,2,22,1,0.409,0.167,0,—,—
evt-841eadfcc7a1,2026-06-02T17:16:00Z,normal-0285,normal_activity,Benign,GitHub,user-006,engineering-repo,list_assigned_issues,DE,0.878,2,16,1,1.309,0.156,0,—,—
evt-3453f9d43233,2026-06-02T17:24:00Z,normal-0286,normal_activity,Benign,SaaS,user-007,document-store,read_project_document,SG,0.975,2,25,1,0.827,0.084,0,—,—
evt-c5c2f2e5834e,2026-06-02T17:32:00Z,normal-0287,normal_activity,Benign,SaaS,user-008,document-store,read_project_document,AU,0.879,2,3,1,2.981,0.072,0,—,—
evt-42636ed2a016,2026-06-02T17:38:00Z,normal-0288,normal_activity,Benign,Identity,user-009,workforce-sso,interactive_login,IN,0.9,2,6,1,0.261,0.081,0,—,—
evt-f42746e8a86b,2026-06-02T17:47:00Z,normal-0289,normal_activity,Benign,Cloud,user-010,analytics-warehouse,run_approved_query,IN,0.815,2,14,2,9.497,0.215,0,—,—
evt-1e5d853e7239,2026-06-02T17:53:00Z,normal-0290,normal_activity,Benign,SaaS,user-011,document-store,read_project_document,US,0.801,2,36,1,4.388,0.186,0,—,—
evt-0888e2941e1f,2026-06-02T17:58:00Z,normal-0291,normal_activity,Benign,Cloud,user-012,analytics-warehouse,run_approved_query,US,0.824,1,11,2,11.711,0.144,0,—,—
evt-fee0c350c19a,2026-06-02T18:04:00Z,normal-0292,normal_activity,Benign,GitHub,user-013,engineering-repo,list_assigned_issues,GB,0.8,2,12,1,1.591,0.088,0,—,—
evt-033fe7f2aa3f,2026-06-02T18:14:00Z,normal-0293,normal_activity,Benign,GitHub,user-014,engineering-repo,list_assigned_issues,DE,0.904,2,7,1,0.6,0.028,0,—,—
evt-b2c695927db0,2026-06-02T18:20:00Z,normal-0294,normal_activity,Benign,Cloud,user-015,analytics-warehouse,run_approved_query,SG,0.96,2,35,2,3.958,0.154,0,—,—
evt-4c8f4860ea93,2026-06-02T18:28:00Z,normal-0295,normal_activity,Benign,Identity,user-016,workforce-sso,interactive_login,AU,0.89,2,37,1,0.573,0.152,0,—,—
evt-3d2359c6fd41,2026-06-02T18:36:00Z,normal-0296,normal_activity,Benign,SaaS,user-017,document-store,read_project_document,IN,0.958,2,28,1,5.706,0.026,0,—,—
evt-b1ecc94530b5,2026-06-02T18:42:00Z,normal-0297,normal_activity,Benign,Identity,user-018,workforce-sso,interactive_login,IN,0.799,2,36,1,0.202,0.078,0,—,—
evt-c26efac7105b,2026-06-02T18:48:00Z,normal-0298,normal_activity,Benign,Cloud,user-019,analytics-warehouse,run_approved_query,US,0.805,2,37,2,10.105,0.133,0,—,—
evt-003c94a5a3d4,2026-06-02T18:53:00Z,normal-0299,normal_activity,Benign,GitHub,user-020,engineering-repo,list_assigned_issues,US,0.973,2,32,1,0.292,0.13,0,—,—
evt-46edf766fc00,2026-06-02T19:03:00Z,normal-0300,normal_activity,Benign,Identity,user-021,workforce-sso,interactive_login,GB,0.867,2,16,1,0.037,0.02,0,—,—
evt-ef7f8735e293,2026-06-02T19:10:00Z,normal-0301,normal_activity,Benign,GitHub,user-022,engineering-repo,list_assigned_issues,DE,0.965,2,7,1,0.138,0.214,0,—,—
evt-031e64ef1ba1,2026-06-02T19:15:00Z,normal-0302,normal_activity,Benign,Cloud,user-023,analytics-warehouse,run_approved_query,SG,0.913,2,29,2,11.736,0.054,0,—,—
evt-51ad1a30f3a3,2026-06-02T19:24:00Z,normal-0303,normal_activity,Benign,SaaS,user-024,document-store,read_project_document,AU,0.794,2,26,1,4.605,0.038,0,—,—
evt-f589473ec4a8,2026-06-02T19:32:00Z,normal-0304,normal_activity,Benign,SaaS,user-025,document-store,read_project_document,IN,0.787,1,24,1,0.368,0.158,0,—,—
evt-8496333ac94e,2026-06-02T19:37:00Z,normal-0305,normal_activity,Benign,SaaS,user-026,document-store,read_project_document,IN,0.862,2,12,1,2.892,0.212,0,—,—
evt-27eff338ad47,2026-06-02T19:45:00Z,normal-0306,normal_activity,Benign,Identity,user-027,workforce-sso,interactive_login,US,0.843,2,11,1,0.587,0.189,0,—,—
evt-926c867042f2,2026-06-02T19:50:00Z,normal-0307,normal_activity,Benign,Identity,user-028,workforce-sso,interactive_login,US,0.97,2,1,1,0.857,0.11,0,—,—
evt-3b681f2859cb,2026-06-02T19:57:00Z,normal-0308,normal_activity,Benign,GitHub,user-029,engineering-repo,list_assigned_issues,GB,0.937,2,18,1,0.116,0.099,0,—,—
evt-3e44ff740e18,2026-06-02T20:06:00Z,normal-0309,normal_activity,Benign,AI Agent,user-030,support-agent,agent_summarize_ticket,DE,0.867,2,33,1,0.829,0.22,0,—,—
evt-abc2ec3cd43a,2026-06-02T20:12:00Z,normal-0310,normal_activity,Benign,GitHub,user-031,engineering-repo,list_assigned_issues,SG,0.997,2,18,1,0.637,0.065,0,—,—
evt-ecec151fa1b9,2026-06-02T20:19:00Z,normal-0311,normal_activity,Benign,AI Agent,user-032,support-agent,agent_summarize_ticket,AU,0.869,2,9,1,1.3,0.161,0,—,—
evt-01cc1523d0e1,2026-06-02T20:27:00Z,normal-0312,normal_activity,Benign,AI Agent,user-033,support-agent,agent_summarize_ticket,IN,0.96,2,15,1,0.149,0.154,0,—,—
evt-27f63f5c91ea,2026-06-02T20:34:00Z,normal-0313,normal_activity,Benign,AI Agent,user-034,support-agent,agent_summarize_ticket,IN,0.82,2,9,1,1.277,0.166,0,—,—
evt-af91b838a37a,2026-06-02T20:42:00Z,normal-0314,normal_activity,Benign,GitHub,user-035,engineering-repo,list_assigned_issues,US,0.829,2,27,1,1.391,0.175,0,—,—
evt-2b5b53d1d19e,2026-06-02T20:47:00Z,normal-0315,normal_activity,Benign,AI Agent,user-036,support-agent,agent_summarize_ticket,US,0.908,2,31,1,0.175,0.197,0,—,—
evt-0763537d6b27,2026-06-02T20:56:00Z,normal-0316,normal_activity,Benign,SaaS,user-037,document-store,read_project_document,GB,0.81,2,27,1,4.148,0.217,0,—,—
evt-7ea6ae7beac9,2026-06-02T21:02:00Z,normal-0317,normal_activity,Benign,SaaS,user-038,document-store,read_project_document,DE,0.849,1,29,1,5.202,0.067,0,—,—
evt-c187783f8043,2026-06-02T21:07:00Z,normal-0318,normal_activity,Benign,Cloud,user-039,analytics-warehouse,run_approved_query,SG,0.919,2,31,2,11.137,0.09,0,—,—
evt-fc4385187e61,2026-06-02T21:13:00Z,normal-0319,normal_activity,Benign,AI Agent,user-040,support-agent,agent_summarize_ticket,AU,0.822,2,16,1,1.16,0.058,0,—,—
evt-c832d5113a41,2026-06-02T21:22:00Z,normal-0320,normal_activity,Benign,Identity,user-001,workforce-sso,interactive_login,IN,0.846,2,34,1,0.312,0.135,0,—,—
evt-50335805ace2,2026-06-02T21:29:00Z,normal-0321,normal_activity,Benign,SaaS,user-002,document-store,read_project_document,IN,0.816,2,26,1,4.183,0.014,0,—,—
evt-f4eddd75c60c,2026-06-02T21:35:00Z,normal-0322,normal_activity,Benign,GitHub,user-003,engineering-repo,list_assigned_issues,US,0.936,2,25,1,1.495,0.194,0,—,—
evt-f8f828ee5ff0,2026-06-02T21:43:00Z,normal-0323,normal_activity,Benign,Identity,user-004,workforce-sso,interactive_login,US,0.791,2,29,1,0.771,0.09,0,—,—
evt-f9eb7216cb8e,2026-06-02T21:52:00Z,normal-0324,normal_activity,Benign,Cloud,user-005,analytics-warehouse,run_approved_query,GB,0.926,2,18,2,9.915,0.141,0,—,—
evt-4f5aa1f69398,2026-06-02T21:56:00Z,normal-0325,normal_activity,Benign,Identity,user-006,workforce-sso,interactive_login,DE,0.89,2,17,1,0.419,0.185,0,—,—
evt-a2508dcbcd45,2026-06-02T22:03:00Z,normal-0326,normal_activity,Benign,Cloud,user-007,analytics-warehouse,run_approved_query,SG,0.853,1,6,2,8.126,0.2,0,—,—
evt-95f5482f95fd,2026-06-02T22:13:00Z,normal-0327,normal_activity,Benign,Identity,user-008,workforce-sso,interactive_login,AU,0.979,2,30,1,0.669,0.218,0,—,—
evt-e282f54998d5,2026-06-02T22:18:00Z,normal-0328,normal_activity,Benign,GitHub,user-009,engineering-repo,list_assigned_issues,IN,0.956,2,8,1,1.645,0.03,0,—,—
evt-8cc33ed10641,2026-06-02T22:23:00Z,normal-0329,normal_activity,Benign,AI Agent,user-010,support-agent,agent_summarize_ticket,IN,0.839,2,24,1,1.352,0.181,0,—,—
evt-bc1297dc5885,2026-06-02T22:31:00Z,normal-0330,normal_activity,Benign,Cloud,user-011,analytics-warehouse,run_approved_query,US,0.956,2,11,2,11.864,0.034,0,—,—
evt-5bedf65b328f,2026-06-02T22:37:00Z,normal-0331,normal_activity,Benign,AI Agent,user-012,support-agent,agent_summarize_ticket,US,0.929,2,25,1,0.776,0.174,0,—,—
evt-6de84ccc263c,2026-06-02T22:48:00Z,normal-0332,normal_activity,Benign,Cloud,user-013,analytics-warehouse,run_approved_query,GB,0.805,2,3,2,13.655,0.023,0,—,—
evt-82ed179b4f9a,2026-06-02T22:53:00Z,normal-0333,normal_activity,Benign,SaaS,user-014,document-store,read_project_document,DE,0.995,2,22,1,5.236,0.119,0,—,—
evt-a4f7d1ec0852,2026-06-02T23:02:00Z,normal-0334,normal_activity,Benign,Cloud,user-015,analytics-warehouse,run_approved_query,SG,0.813,2,4,2,5.495,0.012,0,—,—
evt-b2d48e55c026,2026-06-02T23:06:00Z,normal-0335,normal_activity,Benign,GitHub,user-016,engineering-repo,list_assigned_issues,AU,0.833,2,4,1,1.042,0.116,0,—,—
evt-9e7911adde2e,2026-06-02T23:16:00Z,normal-0336,normal_activity,Benign,Cloud,user-017,analytics-warehouse,run_approved_query,IN,0.799,2,21,2,6.968,0.035,0,—,—
evt-c796562222ed,2026-06-02T23:22:00Z,normal-0337,normal_activity,Benign,Identity,user-018,workforce-sso,interactive_login,IN,0.954,2,20,1,0.745,0.197,0,—,—
evt-1203074971ec,2026-06-02T23:30:00Z,normal-0338,normal_activity,Benign,SaaS,user-019,document-store,read_project_document,US,0.966,2,31,1,4.095,0.16,0,—,—
evt-6672cfc48af0,2026-06-02T23:35:00Z,normal-0339,normal_activity,Benign,GitHub,user-020,engineering-repo,list_assigned_issues,US,0.9,2,7,1,1.543,0.02,0,—,—
evt-8e8db697cb45,2026-06-02T23:41:00Z,normal-0340,normal_activity,Benign,SaaS,user-021,document-store,read_project_document,GB,0.821,2,26,1,4.967,0.055,0,—,—
evt-5eafdd9ace80,2026-06-02T23:48:00Z,normal-0341,normal_activity,Benign,AI Agent,user-022,support-agent,agent_summarize_ticket,DE,0.807,2,30,1,1.272,0.148,0,—,—
evt-f11fcb495803,2026-06-02T23:58:00Z,normal-0342,normal_activity,Benign,AI Agent,user-023,support-agent,agent_summarize_ticket,SG,0.886,2,12,1,1.409,0.155,0,—,—
evt-b4a0a2045a03,2026-06-03T00:02:00Z,normal-0343,normal_activity,Benign,AI Agent,user-024,support-agent,agent_summarize_ticket,AU,0.974,2,16,1,1.336,0.067,0,—,—
evt-e4353cb11c10,2026-06-03T00:10:00Z,normal-0344,normal_activity,Benign,AI Agent,user-025,support-agent,agent_summarize_ticket,IN,0.846,2,21,1,1.08,0.159,0,—,—
evt-a59081eb7b1e,2026-06-03T00:19:00Z,normal-0345,normal_activity,Benign,SaaS,user-026,document-store,read_project_document,IN,0.996,2,12,1,1.365,0.116,0,—,—
evt-fa4e938858e4,2026-06-03T00:24:00Z,normal-0346,normal_activity,Benign,Cloud,user-027,analytics-warehouse,run_approved_query,US,0.928,2,35,2,8.576,0.07,0,—,—
evt-2bb3afb96c3f,2026-06-03T00:32:00Z,normal-0347,normal_activity,Benign,SaaS,user-028,document-store,read_project_document,US,0.839,2,19,1,3.232,0.154,0,—,—
evt-5b7e064ea745,2026-06-03T00:37:00Z,normal-0348,normal_activity,Benign,Cloud,user-029,analytics-warehouse,run_approved_query,GB,0.803,2,36,2,10.797,0.192,0,—,—
evt-872ef6e61e09,2026-06-03T00:47:00Z,normal-0349,normal_activity,Benign,Identity,user-030,workforce-sso,interactive_login,DE,0.984,2,21,1,0.389,0.213,0,—,—
evt-a4eab0e3188a,2026-06-03T00:50:00Z,normal-0350,normal_activity,Benign,SaaS,user-031,document-store,read_project_document,SG,0.981,2,24,1,1.658,0.169,0,—,—
evt-b4255e00be7e,2026-06-03T01:01:00Z,normal-0351,normal_activity,Benign,Identity,user-032,workforce-sso,interactive_login,AU,0.821,2,33,1,0.738,0.035,0,—,—
evt-2fbdbcfdbeaf,2026-06-03T01:04:00Z,normal-0352,normal_activity,Benign,GitHub,user-033,engineering-repo,list_assigned_issues,IN,0.883,2,3,1,0.347,0.042,0,—,—
evt-99a7a439510f,2026-06-03T01:13:00Z,normal-0353,normal_activity,Benign,AI Agent,user-034,support-agent,agent_summarize_ticket,IN,0.901,1,21,1,0.522,0.12,0,—,—
evt-0de75e56a6dc,2026-06-03T01:19:00Z,normal-0354,normal_activity,Benign,GitHub,user-035,engineering-repo,list_assigned_issues,US,0.829,2,22,1,0.403,0.08,0,—,—
evt-c98725b22345,2026-06-03T01:27:00Z,normal-0355,normal_activity,Benign,Identity,user-036,workforce-sso,interactive_login,US,0.805,2,16,1,0.218,0.2,0,—,—
evt-fa45471a2f84,2026-06-03T01:36:00Z,normal-0356,normal_activity,Benign,Identity,user-037,workforce-sso,interactive_login,GB,0.865,2,19,1,0.919,0.015,0,—,—
evt-8b5bfe0ce710,2026-06-03T01:43:00Z,normal-0357,normal_activity,Benign,SaaS,user-038,document-store,read_project_document,DE,0.85,2,7,1,2.375,0.045,0,—,—
evt-e32d844bb4e8,2026-06-03T01:50:00Z,normal-0358,normal_activity,Benign,Cloud,user-039,analytics-warehouse,run_approved_query,SG,0.964,2,28,2,9.184,0.146,0,—,—
evt-ce0fa9dff6f1,2026-06-03T01:53:00Z,normal-0359,normal_activity,Benign,Identity,user-040,workforce-sso,interactive_login,AU,0.819,2,5,1,0.747,0.131,0,—,—
evt-953d5b1b06e6,2026-06-03T02:01:00Z,normal-0360,normal_activity,Benign,Cloud,user-001,analytics-warehouse,run_approved_query,IN,0.928,2,5,2,6.258,0.169,0,—,—
evt-be35ea1457de,2026-06-03T02:11:00Z,normal-0361,normal_activity,Benign,GitHub,user-002,engineering-repo,list_assigned_issues,IN,0.913,2,29,1,0.78,0.09,0,—,—
evt-a156d23d7f57,2026-06-03T02:14:00Z,normal-0362,normal_activity,Benign,AI Agent,user-003,support-agent,agent_summarize_ticket,US,0.845,2,20,1,1.216,0.152,0,—,—
evt-4e181ffc8c9c,2026-06-03T02:23:00Z,normal-0363,normal_activity,Benign,AI Agent,user-004,support-agent,agent_summarize_ticket,US,0.911,2,6,1,0.158,0.074,0,—,—
evt-67af9366c141,2026-06-03T02:30:00Z,normal-0364,normal_activity,Benign,AI Agent,user-005,support-agent,agent_summarize_ticket,GB,0.964,2,12,1,0.358,0.151,0,—,—
evt-1893f862bc81,2026-06-03T02:39:00Z,normal-0365,normal_activity,Benign,AI Agent,user-006,support-agent,agent_summarize_ticket,DE,0.796,2,17,1,0.746,0.031,0,—,—
evt-98d11b26e0e6,2026-06-03T02:46:00Z,normal-0366,normal_activity,Benign,AI Agent,user-007,support-agent,agent_summarize_ticket,SG,0.795,2,32,1,0.24,0.105,0,—,—
evt-83842e633e1e,2026-06-03T02:53:00Z,normal-0367,normal_activity,Benign,Cloud,user-008,analytics-warehouse,run_approved_query,AU,0.817,2,15,2,8.369,0.16,0,—,—
evt-9693817c27e5,2026-06-03T02:59:00Z,normal-0368,normal_activity,Benign,Cloud,user-009,analytics-warehouse,run_approved_query,IN,0.859,2,36,2,5.31,0.033,0,—,—
evt-30269d7b1e0c,2026-06-03T03:07:00Z,normal-0369,normal_activity,Benign,Identity,user-010,workforce-sso,interactive_login,IN,0.94,2,33,1,0.082,0.143,0,—,—
evt-8d72b8f0d993,2026-06-03T03:14:00Z,normal-0370,normal_activity,Benign,AI Agent,user-011,support-agent,agent_summarize_ticket,US,0.884,2,24,1,0.465,0.092,0,—,—
evt-fbf7b8d35adf,2026-06-03T03:21:00Z,normal-0371,normal_activity,Benign,AI Agent,user-012,support-agent,agent_summarize_ticket,US,0.782,2,11,1,0.655,0.169,0,—,—
evt-6fee18b2c7f4,2026-06-03T03:25:00Z,normal-0372,normal_activity,Benign,Cloud,user-013,analytics-warehouse,run_approved_query,GB,0.987,1,32,2,9.572,0.059,0,—,—
evt-1e95db482006,2026-06-03T03:33:00Z,normal-0373,normal_activity,Benign,Cloud,user-014,analytics-warehouse,run_approved_query,DE,0.982,2,3,2,12.8,0.216,0,—,—
evt-4d82c4a6639f,2026-06-03T03:40:00Z,normal-0374,normal_activity,Benign,AI Agent,user-015,support-agent,agent_summarize_ticket,SG,0.9,2,25,1,1.139,0.087,0,—,—
evt-aba9afa8a4a6,2026-06-03T03:45:00Z,normal-0375,normal_activity,Benign,GitHub,user-016,engineering-repo,list_assigned_issues,AU,0.887,2,1,1,1.824,0.115,0,—,—
evt-f0ec994d2d53,2026-06-03T03:53:00Z,normal-0376,normal_activity,Benign,SaaS,user-017,document-store,read_project_document,IN,0.86,2,8,1,1.534,0.149,0,—,—
evt-7d634c71b178,2026-06-03T04:02:00Z,normal-0377,normal_activity,Benign,SaaS,user-018,document-store,read_project_document,IN,0.922,2,16,1,4.377,0.019,0,—,—
evt-38b808315f53,2026-06-03T04:10:00Z,normal-0378,normal_activity,Benign,SaaS,user-019,document-store,read_project_document,US,0.837,2,26,1,0.981,0.136,0,—,—
evt-6d9146c43b87,2026-06-03T04:17:00Z,normal-0379,normal_activity,Benign,SaaS,user-020,document-store,read_project_document,US,0.879,2,31,1,5.295,0.046,0,—,—
evt-ad0b554ccb40,2026-06-03T04:23:00Z,normal-0380,normal_activity,Benign,GitHub,user-021,engineering-repo,list_assigned_issues,GB,0.817,2,30,1,1.659,0.135,0,—,—
evt-d78f2654cd88,2026-06-03T04:27:00Z,normal-0381,normal_activity,Benign,AI Agent,user-022,support-agent,agent_summarize_ticket,DE,0.931,2,7,1,1.303,0.047,0,—,—
evt-8774ddb31f5d,2026-06-03T04:38:00Z,normal-0382,normal_activity,Benign,SaaS,user-023,document-store,read_project_document,SG,0.978,2,1,1,5.291,0.198,0,—,—
evt-3fccd5922fb3,2026-06-03T04:44:00Z,normal-0383,normal_activity,Benign,Cloud,user-024,analytics-warehouse,run_approved_query,AU,0.954,2,38,2,7.888,0.179,0,—,—
evt-37c78ac2999d,2026-06-03T04:52:00Z,normal-0384,normal_activity,Benign,GitHub,user-025,engineering-repo,list_assigned_issues,IN,0.912,2,17,1,1.007,0.05,0,—,—
evt-af263c33937c,2026-06-03T04:55:00Z,normal-0385,normal_activity,Benign,GitHub,user-026,engineering-repo,list_assigned_issues,IN,0.87,2,28,1,0.114,0.147,0,—,—
evt-eddc472a7b83,2026-06-03T05:04:00Z,normal-0386,normal_activity,Benign,Cloud,user-027,analytics-warehouse,run_approved_query,US,0.946,2,36,2,8.954,0.111,0,—,—
evt-4374d2db56c9,2026-06-03T05:11:00Z,normal-0387,normal_activity,Benign,Cloud,user-028,analytics-warehouse,run_approved_query,US,0.942,2,8,2,8.509,0.167,0,—,—
evt-aa5b34e6e082,2026-06-03T05:19:00Z,normal-0388,normal_activity,Benign,AI Agent,user-029,support-agent,agent_summarize_ticket,GB,0.915,2,4,1,1.201,0.044,0,—,—
evt-ca6b5760124f,2026-06-03T05:23:00Z,normal-0389,normal_activity,Benign,GitHub,user-030,engineering-repo,list_assigned_issues,DE,0.829,2,3,1,0.996,0.162,0,—,—
evt-a5542579c337,2026-06-03T05:33:00Z,normal-0390,normal_activity,Benign,SaaS,user-031,document-store,read_project_document,SG,0.921,2,13,1,3.222,0.189,0,—,—
evt-1daa1280a7f3,2026-06-03T05:41:00Z,normal-0391,normal_activity,Benign,SaaS,user-032,document-store,read_project_document,AU,0.928,2,1,1,0.395,0.215,0,—,—
evt-0520ab26102d,2026-06-03T05:44:00Z,normal-0392,normal_activity,Benign,AI Agent,user-033,support-agent,agent_summarize_ticket,IN,0.783,2,6,1,0.921,0.125,0,—,—
evt-7d680cb6c1b0,2026-06-03T05:55:00Z,normal-0393,normal_activity,Benign,SaaS,user-034,document-store,read_project_document,IN,0.88,2,1,1,2.219,0.065,0,—,—
evt-d03e3cac5180,2026-06-03T06:01:00Z,normal-0394,normal_activity,Benign,AI Agent,user-035,support-agent,agent_summarize_ticket,US,0.99,2,37,1,0.264,0.063,0,—,—
evt-4a3b6b3d8efa,2026-06-03T06:08:00Z,normal-0395,normal_activity,Benign,Cloud,user-036,analytics-warehouse,run_approved_query,US,0.93,2,2,2,10.847,0.111,0,—,—
evt-8dc8265ae70c,2026-06-03T06:14:00Z,normal-0396,normal_activity,Benign,GitHub,user-037,engineering-repo,list_assigned_issues,GB,0.871,2,35,1,1.989,0.012,0,—,—
evt-a7140ab10ef9,2026-06-03T06:21:00Z,normal-0397,normal_activity,Benign,SaaS,user-038,document-store,read_project_document,DE,0.885,2,37,1,0.739,0.067,0,—,—
evt-31ffc80f8b29,2026-06-03T06:27:00Z,normal-0398,normal_activity,Benign,SaaS,user-039,document-store,read_project_document,SG,0.964,2,23,1,1.358,0.043,0,—,—
evt-693a6764ffc9,2026-06-03T06:33:00Z,normal-0399,normal_activity,Benign,AI Agent,user-040,support-agent,agent_summarize_ticket,AU,0.991,2,24,1,0.109,0.14,0,—,—
evt-0dfddaac2db7,2026-06-03T06:43:00Z,normal-0400,normal_activity,Benign,AI Agent,user-001,support-agent,agent_summarize_ticket,IN,0.842,2,37,1,0.356,0.037,0,—,—
evt-6b2f64688079,2026-06-03T06:51:00Z,normal-0401,normal_activity,Benign,SaaS,user-002,document-store,read_project_document,IN,0.881,2,34,1,2.974,0.107,0,—,—
evt-ea8aade66788,2026-06-03T06:54:00Z,normal-0402,normal_activity,Benign,GitHub,user-003,engineering-repo,list_assigned_issues,US,0.821,2,18,1,1.204,0.109,0,—,—
evt-7ee5c4196440,2026-06-03T07:05:00Z,normal-0403,normal_activity,Benign,GitHub,user-004,engineering-repo,list_assigned_issues,US,0.968,2,12,1,0.905,0.13,0,—,—
evt-8862a23a9a92,2026-06-03T07:12:00Z,normal-0404,normal_activity,Benign,Cloud,user-005,analytics-warehouse,run_approved_query,GB,0.823,2,10,2,11.453,0.109,0,—,—
evt-8ea30d21837d,2026-06-03T07:15:00Z,normal-0405,normal_activity,Benign,GitHub,user-006,engineering-repo,list_assigned_issues,DE,0.953,2,36,1,1.992,0.19,0,—,—
evt-5bc1f8264ad6,2026-06-03T07:22:00Z,normal-0406,normal_activity,Benign,Identity,user-007,workforce-sso,interactive_login,SG,0.879,2,24,1,0.398,0.086,0,—,—
evt-3ef7989963b3,2026-06-03T07:33:00Z,normal-0407,normal_activity,Benign,AI Agent,user-008,support-agent,agent_summarize_ticket,AU,0.824,2,35,1,1.314,0.047,0,—,—
evt-b792ae85862f,2026-06-03T07:38:00Z,normal-0408,normal_activity,Benign,Cloud,user-009,analytics-warehouse,run_approved_query,IN,0.915,2,10,2,10.575,0.192,0,—,—
evt-fc871762d9ce,2026-06-03T07:45:00Z,normal-0409,normal_activity,Benign,GitHub,user-010,engineering-repo,list_assigned_issues,IN,0.83,2,19,1,0.869,0.159,0,—,—
evt-8fe7ff6bf4cc,2026-06-03T07:54:00Z,normal-0410,normal_activity,Benign,AI Agent,user-011,support-agent,agent_summarize_ticket,US,0.895,2,11,1,0.608,0.049,0,—,—
evt-a795e990d4a4,2026-06-03T07:57:00Z,normal-0411,normal_activity,Benign,SaaS,user-012,document-store,read_project_document,US,0.817,2,5,1,1.561,0.207,0,—,—
evt-80c963d95b3b,2026-06-03T08:07:00Z,normal-0412,normal_activity,Benign,GitHub,user-013,engineering-repo,list_assigned_issues,GB,0.916,2,25,1,0.854,0.075,0,—,—
evt-1a559bcc4ac5,2026-06-03T08:12:00Z,normal-0413,normal_activity,Benign,Identity,user-014,workforce-sso,interactive_login,DE,0.926,2,21,1,0.738,0.191,0,—,—
evt-070dca5d8b48,2026-06-03T08:21:00Z,normal-0414,normal_activity,Benign,AI Agent,user-015,support-agent,agent_summarize_ticket,SG,0.819,2,37,1,1.457,0.101,0,—,—
evt-77519c745686,2026-06-03T08:29:00Z,normal-0415,normal_activity,Benign,GitHub,user-016,engineering-repo,list_assigned_issues,AU,0.871,2,1,1,1.125,0.01,0,—,—
evt-479cadcb891a,2026-06-03T08:33:00Z,normal-0416,normal_activity,Benign,Cloud,user-017,analytics-warehouse,run_approved_query,IN,0.846,2,19,2,12.987,0.135,0,—,—
evt-430538feab45,2026-06-03T08:39:00Z,normal-0417,normal_activity,Benign,Cloud,user-018,analytics-warehouse,run_approved_query,IN,0.962,2,6,2,6.682,0.099,0,—,—
evt-ca83cccfa6b2,2026-06-03T08:47:00Z,normal-0418,normal_activity,Benign,AI Agent,user-019,support-agent,agent_summarize_ticket,US,0.958,2,5,1,0.481,0.048,0,—,—
evt-c26cd565882d,2026-06-03T08:55:00Z,normal-0419,normal_activity,Benign,GitHub,user-020,engineering-repo,list_assigned_issues,US,0.784,1,35,1,0.96,0.015,0,—,—
evt-95b853f7fc6b,2026-06-03T09:00:00Z,normal-0420,normal_activity,Benign,Identity,user-021,workforce-sso,interactive_login,GB,0.889,2,20,1,0.282,0.175,0,—,—
evt-e0c219ae9c6c,2026-06-03T09:10:00Z,normal-0421,normal_activity,Benign,SaaS,user-022,document-store,read_project_document,DE,0.792,2,5,1,2.889,0.124,0,—,—
evt-f39ad32adb6d,2026-06-03T09:15:00Z,normal-0422,normal_activity,Benign,SaaS,user-023,document-store,read_project_document,SG,0.865,2,16,1,5.081,0.165,0,—,—
evt-b01169c699e0,2026-06-03T09:21:00Z,normal-0423,normal_activity,Benign,Cloud,user-024,analytics-warehouse,run_approved_query,AU,0.93,2,21,2,9.658,0.043,0,—,—
evt-0857f7647643,2026-06-03T09:28:00Z,normal-0424,normal_activity,Benign,GitHub,user-025,engineering-repo,list_assigned_issues,IN,0.975,2,14,1,0.332,0.214,0,—,—
evt-5824731521c2,2026-06-03T09:36:00Z,normal-0425,normal_activity,Benign,SaaS,user-026,document-store,read_project_document,IN,0.782,1,31,1,2.082,0.155,0,—,—
evt-cfe0af34a1de,2026-06-03T09:43:00Z,normal-0426,normal_activity,Benign,Identity,user-027,workforce-sso,interactive_login,US,0.793,2,35,1,0.371,0.176,0,—,—
evt-fa82f2cc7d34,2026-06-03T09:50:00Z,normal-0427,normal_activity,Benign,Cloud,user-028,analytics-warehouse,run_approved_query,US,0.941,1,25,2,9.38,0.085,0,—,—
evt-207959aa27f9,2026-06-03T09:57:00Z,normal-0428,normal_activity,Benign,Cloud,user-029,analytics-warehouse,run_approved_query,GB,0.822,2,23,2,8.267,0.078,0,—,—
evt-b630bae733b7,2026-06-03T10:06:00Z,normal-0429,normal_activity,Benign,SaaS,user-030,document-store,read_project_document,DE,0.879,2,35,1,5.022,0.087,0,—,—
evt-66be594a448d,2026-06-03T10:10:00Z,normal-0430,normal_activity,Benign,GitHub,user-031,engineering-repo,list_assigned_issues,SG,0.951,2,5,1,1.494,0.148,0,—,—
evt-c1ac5dee499a,2026-06-03T10:21:00Z,normal-0431,normal_activity,Benign,GitHub,user-032,engineering-repo,list_assigned_issues,AU,0.851,2,8,1,1.398,0.03,0,—,—
evt-3e857b8fed8b,2026-06-03T10:24:00Z,normal-0432,normal_activity,Benign,SaaS,user-033,document-store,read_project_document,IN,0.802,2,25,1,5.639,0.148,0,—,—
evt-49689a8de27a,2026-06-03T10:35:00Z,normal-0433,normal_activity,Benign,Identity,user-034,workforce-sso,interactive_login,IN,0.985,2,32,1,0.624,0.205,0,—,—
evt-31e0a39231b5,2026-06-03T10:38:00Z,normal-0434,normal_activity,Benign,GitHub,user-035,engineering-repo,list_assigned_issues,US,0.955,1,18,1,0.786,0.121,0,—,—
evt-b0cdf06d55e8,2026-06-03T10:45:00Z,normal-0435,normal_activity,Benign,SaaS,user-036,document-store,read_project_document,US,0.897,2,34,1,0.652,0.148,0,—,—
evt-e2ad254d5432,2026-06-03T10:56:00Z,normal-0436,normal_activity,Benign,AI Agent,user-037,support-agent,agent_summarize_ticket,GB,0.859,2,28,1,0.248,0.195,0,—,—
evt-2b1719e6899f,2026-06-03T11:00:00Z,normal-0437,normal_activity,Benign,AI Agent,user-038,support-agent,agent_summarize_ticket,DE,0.877,2,21,1,0.847,0.126,0,—,—
evt-404e2a1f2a70,2026-06-03T11:08:00Z,normal-0438,normal_activity,Benign,SaaS,user-039,document-store,read_project_document,SG,0.904,2,36,1,2.592,0.204,0,—,—
evt-8e85dfd40bee,2026-06-03T11:15:00Z,normal-0439,normal_activity,Benign,GitHub,user-040,engineering-repo,list_assigned_issues,AU,0.911,2,20,1,1.924,0.011,0,—,—
evt-4c7fb8518a35,2026-06-03T11:21:00Z,normal-0440,normal_activity,Benign,AI Agent,user-001,support-agent,agent_summarize_ticket,IN,0.892,2,37,1,1.251,0.042,0,—,—
evt-f9291674bb9d,2026-06-03T11:27:00Z,normal-0441,normal_activity,Benign,GitHub,user-002,engineering-repo,list_assigned_issues,IN,0.958,2,26,1,0.603,0.13,0,—,—
evt-afb954a529ef,2026-06-03T11:35:00Z,normal-0442,normal_activity,Benign,AI Agent,user-003,support-agent,agent_summarize_ticket,US,0.96,2,20,1,1.256,0.018,0,—,—
evt-a5981ce43250,2026-06-03T11:45:00Z,normal-0443,normal_activity,Benign,Cloud,user-004,analytics-warehouse,run_approved_query,US,0.872,2,15,2,5.347,0.167,0,—,—
evt-8706550c8171,2026-06-03T11:52:00Z,normal-0444,normal_activity,Benign,GitHub,user-005,engineering-repo,list_assigned_issues,GB,0.899,2,33,1,1.301,0.157,0,—,—
evt-a550c1321171,2026-06-03T11:56:00Z,normal-0445,normal_activity,Benign,AI Agent,user-006,support-agent,agent_summarize_ticket,DE,0.8,2,26,1,0.933,0.041,0,—,—
evt-0db18f1c4e93,2026-06-03T12:04:00Z,normal-0446,normal_activity,Benign,AI Agent,user-007,support-agent,agent_summarize_ticket,SG,0.876,2,9,1,0.219,0.111,0,—,—
evt-cbe6ae871b47,2026-06-03T12:10:00Z,normal-0447,normal_activity,Benign,SaaS,user-008,document-store,read_project_document,AU,0.833,2,28,1,3.983,0.078,0,—,—
evt-42ad97b8234d,2026-06-03T12:20:00Z,normal-0448,normal_activity,Benign,AI Agent,user-009,support-agent,agent_summarize_ticket,IN,0.924,2,11,1,0.549,0.217,0,—,—
evt-eb7728b52810,2026-06-03T12:27:00Z,normal-0449,normal_activity,Benign,SaaS,user-010,document-store,read_project_document,IN,0.824,2,6,1,4.856,0.034,0,—,—
evt-c57cfd9883fe,2026-06-03T12:30:00Z,normal-0450,normal_activity,Benign,GitHub,user-011,engineering-repo,list_assigned_issues,US,0.933,2,29,1,0.381,0.109,0,—,—
evt-8f22d1dd4d99,2026-06-03T12:39:00Z,normal-0451,normal_activity,Benign,Cloud,user-012,analytics-warehouse,run_approved_query,US,0.917,2,2,2,7.802,0.089,0,—,—
evt-ec8657771067,2026-06-03T12:48:00Z,normal-0452,normal_activity,Benign,Identity,user-013,workforce-sso,interactive_login,GB,0.882,2,5,1,0.043,0.092,0,—,—
evt-8044784d23a3,2026-06-03T12:53:00Z,normal-0453,normal_activity,Benign,Cloud,user-014,analytics-warehouse,run_approved_query,DE,0.831,2,7,2,2.403,0.2,0,—,—
evt-4e148e8419e1,2026-06-03T13:01:00Z,normal-0454,normal_activity,Benign,Identity,user-015,workforce-sso,interactive_login,SG,0.789,2,20,1,0.867,0.08,0,—,—
evt-12aad4032713,2026-06-03T13:08:00Z,normal-0455,normal_activity,Benign,AI Agent,user-016,support-agent,agent_summarize_ticket,AU,0.841,1,17,1,0.523,0.195,0,—,—
evt-1e933e30344d,2026-06-03T13:12:00Z,normal-0456,normal_activity,Benign,SaaS,user-017,document-store,read_project_document,IN,0.799,2,15,1,5.705,0.098,0,—,—
evt-f79762afb153,2026-06-03T13:23:00Z,normal-0457,normal_activity,Benign,SaaS,user-018,document-store,read_project_document,IN,0.924,2,13,1,5.829,0.191,0,—,—
evt-77494aaa9692,2026-06-03T13:28:00Z,normal-0458,normal_activity,Benign,SaaS,user-019,document-store,read_project_document,US,0.924,2,11,1,5.412,0.077,0,—,—
evt-f711582667f8,2026-06-03T13:37:00Z,normal-0459,normal_activity,Benign,Identity,user-020,workforce-sso,interactive_login,US,0.948,2,27,1,0.533,0.212,0,—,—
evt-e0107449e1ee,2026-06-03T13:42:00Z,normal-0460,normal_activity,Benign,SaaS,user-021,document-store,read_project_document,GB,0.803,2,18,1,5.616,0.137,0,—,—
evt-b8592995cb6a,2026-06-03T13:51:00Z,normal-0461,normal_activity,Benign,Cloud,user-022,analytics-warehouse,run_approved_query,DE,0.809,2,31,2,5.67,0.16,0,—,—
evt-3781e4b4d873,2026-06-03T13:56:00Z,normal-0462,normal_activity,Benign,Cloud,user-023,analytics-warehouse,run_approved_query,SG,0.948,1,18,2,3.129,0.21,0,—,—
evt-831d2bc70da2,2026-06-03T14:02:00Z,normal-0463,normal_activity,Benign,Cloud,user-024,analytics-warehouse,run_approved_query,AU,0.971,2,21,2,1.86,0.192,0,—,—
evt-64c399dae8f5,2026-06-03T14:09:00Z,normal-0464,normal_activity,Benign,Cloud,user-025,analytics-warehouse,run_approved_query,IN,0.915,2,35,2,11.716,0.12,0,—,—
evt-36f646f8fe1e,2026-06-03T14:15:00Z,normal-0465,normal_activity,Benign,AI Agent,user-026,support-agent,agent_summarize_ticket,IN,0.898,2,3,1,1.494,0.127,0,—,—
evt-32da6953c9b0,2026-06-03T14:26:00Z,normal-0466,normal_activity,Benign,GitHub,user-027,engineering-repo,list_assigned_issues,US,0.881,2,4,1,0.461,0.155,0,—,—
evt-93f4b022a105,2026-06-03T14:30:00Z,normal-0467,normal_activity,Benign,AI Agent,user-028,support-agent,agent_summarize_ticket,US,0.986,2,9,1,0.352,0.093,0,—,—
evt-57bf4c90a3fe,2026-06-03T14:38:00Z,normal-0468,normal_activity,Benign,Cloud,user-029,analytics-warehouse,run_approved_query,GB,0.8,2,11,2,10.264,0.161,0,—,—
evt-9aee6013cd36,2026-06-03T14:43:00Z,normal-0469,normal_activity,Benign,AI Agent,user-030,support-agent,agent_summarize_ticket,DE,0.915,2,36,1,1.09,0.09,0,—,—
evt-0daa211afadb,2026-06-03T14:51:00Z,normal-0470,normal_activity,Benign,SaaS,user-031,document-store,read_project_document,SG,0.949,1,20,1,3.48,0.075,0,—,—
evt-6f40f2eea3bb,2026-06-03T15:00:00Z,normal-0471,normal_activity,Benign,GitHub,user-032,engineering-repo,list_assigned_issues,AU,0.783,2,32,1,1.807,0.124,0,—,—
evt-03da3561b013,2026-06-03T15:04:00Z,normal-0472,normal_activity,Benign,Cloud,user-033,analytics-warehouse,run_approved_query,IN,0.797,2,16,2,9.573,0.195,0,—,—
evt-201f4227cc3f,2026-06-03T15:13:00Z,normal-0473,normal_activity,Benign,GitHub,user-034,engineering-repo,list_assigned_issues,IN,0.788,2,37,1,1.668,0.186,0,—,—
evt-2c1e317da952,2026-06-03T15:20:00Z,normal-0474,normal_activity,Benign,GitHub,user-035,engineering-repo,list_assigned_issues,US,0.914,2,37,1,0.307,0.175,0,—,—
evt-f277c4feeb63,2026-06-03T15:26:00Z,normal-0475,normal_activity,Benign,GitHub,user-036,engineering-repo,list_assigned_issues,US,0.861,2,5,1,0.784,0.169,0,—,—
evt-ccd1f5271221,2026-06-03T15:36:00Z,normal-0476,normal_activity,Benign,Cloud,user-037,analytics-warehouse,run_approved_query,GB,0.895,2,4,2,12.172,0.033,0,—,—
evt-2a280d9e8f91,2026-06-03T15:43:00Z,normal-0477,normal_activity,Benign,GitHub,user-038,engineering-repo,list_assigned_issues,DE,0.874,2,17,1,1.408,0.12,0,—,—
evt-b0e0ac158aff,2026-06-03T15:50:00Z,normal-0478,normal_activity,Benign,Cloud,user-039,analytics-warehouse,run_approved_query,SG,0.958,2,15,2,7.756,0.159,0,—,—
evt-dd661c6546e3,2026-06-03T15:54:00Z,normal-0479,normal_activity,Benign,AI Agent,user-040,support-agent,agent_summarize_ticket,AU,1.0,2,22,1,1.287,0.083,0,—,—
evt-09502d60d0e5,2026-06-03T16:01:00Z,normal-0480,normal_activity,Benign,AI Agent,user-001,support-agent,agent_summarize_ticket,IN,0.901,2,8,1,0.531,0.154,0,—,—
evt-814358879852,2026-06-03T16:09:00Z,normal-0481,normal_activity,Benign,GitHub,user-002,engineering-repo,list_assigned_issues,IN,0.983,2,31,1,1.924,0.177,0,—,—
evt-b9c0c39afff9,2026-06-03T16:15:00Z,normal-0482,normal_activity,Benign,Cloud,user-003,analytics-warehouse,run_approved_query,US,0.984,1,34,2,7.981,0.073,0,—,—
evt-df852bb6b233,2026-06-03T16:23:00Z,normal-0483,normal_activity,Benign,GitHub,user-004,engineering-repo,list_assigned_issues,US,0.795,2,2,1,1.197,0.081,0,—,—
evt-148602f344cd,2026-06-03T16:31:00Z,normal-0484,normal_activity,Benign,GitHub,user-005,engineering-repo,list_assigned_issues,GB,0.935,2,3,1,1.185,0.067,0,—,—
evt-f0f08266f8f7,2026-06-03T16:35:00Z,normal-0485,normal_activity,Benign,GitHub,user-006,engineering-repo,list_assigned_issues,DE,0.819,2,3,1,0.959,0.173,0,—,—
evt-de2480e9e6d2,2026-06-03T16:42:00Z,normal-0486,normal_activity,Benign,Cloud,user-007,analytics-warehouse,run_approved_query,SG,0.941,2,21,2,7.501,0.04,0,—,—
evt-1fa82577ee65,2026-06-03T16:49:00Z,normal-0487,normal_activity,Benign,Cloud,user-008,analytics-warehouse,run_approved_query,AU,0.865,2,8,2,2.725,0.011,0,—,—
evt-43e6f2f904b6,2026-06-03T16:56:00Z,normal-0488,normal_activity,Benign,AI Agent,user-009,support-agent,agent_summarize_ticket,IN,0.949,2,2,1,0.165,0.131,0,—,—
evt-7ef0c8615a3a,2026-06-03T17:05:00Z,normal-0489,normal_activity,Benign,Cloud,user-010,analytics-warehouse,run_approved_query,IN,0.928,2,11,2,4.725,0.067,0,—,—
evt-cb92967dcadd,2026-06-03T17:10:00Z,normal-0490,normal_activity,Benign,GitHub,user-011,engineering-repo,list_assigned_issues,US,0.811,2,19,1,0.295,0.131,0,—,—
evt-5a5330baa9d0,2026-06-03T17:18:00Z,normal-0491,normal_activity,Benign,Cloud,user-012,analytics-warehouse,run_approved_query,US,0.979,1,25,2,6.767,0.021,0,—,—
evt-10e80e453a5a,2026-06-03T17:27:00Z,normal-0492,normal_activity,Benign,Cloud,user-013,analytics-warehouse,run_approved_query,GB,0.916,2,13,2,9.183,0.16,0,—,—
evt-3d256c596911,2026-06-03T17:35:00Z,normal-0493,normal_activity,Benign,Cloud,user-014,analytics-warehouse,run_approved_query,DE,0.801,2,30,2,8.381,0.109,0,—,—
evt-29f4d9c0041f,2026-06-03T17:39:00Z,normal-0494,normal_activity,Benign,GitHub,user-015,engineering-repo,list_assigned_issues,SG,0.954,2,30,1,0.59,0.112,0,—,—
evt-e70ffb3f102a,2026-06-03T17:45:00Z,normal-0495,normal_activity,Benign,AI Agent,user-016,support-agent,agent_summarize_ticket,AU,0.906,2,26,1,1.175,0.182,0,—,—
evt-252a0a7a96a9,2026-06-03T17:52:00Z,normal-0496,normal_activity,Benign,Cloud,user-017,analytics-warehouse,run_approved_query,IN,0.832,2,11,2,7.926,0.215,0,—,—
evt-44f7e552d01a,2026-06-03T18:02:00Z,normal-0497,normal_activity,Benign,AI Agent,user-018,support-agent,agent_summarize_ticket,IN,0.953,2,16,1,1.472,0.046,0,—,—
evt-bc610a406148,2026-06-03T18:06:00Z,normal-0498,normal_activity,Benign,GitHub,user-019,engineering-repo,list_assigned_issues,US,0.902,2,12,1,1.69,0.075,0,—,—
evt-09878b35c0cc,2026-06-03T18:16:00Z,normal-0499,normal_activity,Benign,Cloud,user-020,analytics-warehouse,run_approved_query,US,0.922,1,14,2,11.027,0.182,0,—,—
evt-e5d7535709fc,2026-06-03T18:24:00Z,normal-0500,normal_activity,Benign,AI Agent,user-021,support-agent,agent_summarize_ticket,GB,0.844,2,29,1,0.309,0.051,0,—,—
evt-88d6e81c4e5d,2026-06-03T18:29:00Z,normal-0501,normal_activity,Benign,GitHub,user-022,engineering-repo,list_assigned_issues,DE,0.998,2,33,1,1.391,0.095,0,—,—
evt-8911ccf620d1,2026-06-03T18:35:00Z,normal-0502,normal_activity,Benign,AI Agent,user-023,support-agent,agent_summarize_ticket,SG,0.961,2,19,1,0.101,0.192,0,—,—
evt-3a9865eeee79,2026-06-03T18:42:00Z,normal-0503,normal_activity,Benign,Cloud,user-024,analytics-warehouse,run_approved_query,AU,0.9,2,31,2,10.253,0.039,0,—,—
evt-04d986a2ddb4,2026-06-03T18:52:00Z,normal-0504,normal_activity,Benign,SaaS,user-025,document-store,read_project_document,IN,0.81,1,2,1,5.562,0.04,0,—,—
evt-2123682a628b,2026-06-03T18:58:00Z,normal-0505,normal_activity,Benign,Cloud,user-026,analytics-warehouse,run_approved_query,IN,0.977,2,28,2,2.784,0.141,0,—,—
evt-3c8e559ef048,2026-06-03T19:05:00Z,normal-0506,normal_activity,Benign,AI Agent,user-027,support-agent,agent_summarize_ticket,US,0.782,2,16,1,0.36,0.16,0,—,—
evt-bb4b53805218,2026-06-03T19:11:00Z,normal-0507,normal_activity,Benign,GitHub,user-028,engineering-repo,list_assigned_issues,US,0.805,2,6,1,0.797,0.04,0,—,—
evt-bf2a299d3668,2026-06-03T19:20:00Z,normal-0508,normal_activity,Benign,AI Agent,user-029,support-agent,agent_summarize_ticket,GB,0.799,2,5,1,0.21,0.154,0,—,—
evt-f0dc56346979,2026-06-03T19:27:00Z,normal-0509,normal_activity,Benign,Cloud,user-030,analytics-warehouse,run_approved_query,DE,0.88,2,37,2,5.466,0.164,0,—,—
evt-5e5aa8010917,2026-06-03T19:33:00Z,normal-0510,normal_activity,Benign,AI Agent,user-031,support-agent,agent_summarize_ticket,SG,0.945,2,37,1,1.073,0.065,0,—,—
evt-81b7eba59649,2026-06-03T19:40:00Z,normal-0511,normal_activity,Benign,Identity,user-032,workforce-sso,interactive_login,AU,0.843,2,33,1,0.578,0.026,0,—,—
evt-ffbb4b1b93f2,2026-06-03T19:46:00Z,normal-0512,normal_activity,Benign,AI Agent,user-033,support-agent,agent_summarize_ticket,IN,0.818,2,10,1,1.138,0.148,0,—,—
evt-407b7dabceb5,2026-06-03T19:53:00Z,normal-0513,normal_activity,Benign,Identity,user-034,workforce-sso,interactive_login,IN,0.855,2,10,1,0.808,0.135,0,—,—
evt-a00db0c40bb1,2026-06-03T19:59:00Z,normal-0514,normal_activity,Benign,SaaS,user-035,document-store,read_project_document,US,0.826,2,23,1,4.566,0.021,0,—,—
evt-87ad45fab737,2026-06-03T20:07:00Z,normal-0515,normal_activity,Benign,AI Agent,user-036,support-agent,agent_summarize_ticket,US,0.831,2,25,1,0.522,0.11,0,—,—
evt-665ef2622687,2026-06-03T20:13:00Z,normal-0516,normal_activity,Benign,GitHub,user-037,engineering-repo,list_assigned_issues,GB,0.992,2,3,1,0.649,0.03,0,—,—
evt-e09c2f4256e9,2026-06-03T20:23:00Z,normal-0517,normal_activity,Benign,GitHub,user-038,engineering-repo,list_assigned_issues,DE,0.839,2,17,1,0.92,0.147,0,—,—
evt-17a7a324c455,2026-06-03T20:29:00Z,normal-0518,normal_activity,Benign,AI Agent,user-039,support-agent,agent_summarize_ticket,SG,0.854,2,12,1,1.179,0.076,0,—,—
evt-c3adfd03b847,2026-06-03T20:33:00Z,normal-0519,normal_activity,Benign,Cloud,user-040,analytics-warehouse,run_approved_query,AU,0.857,2,17,2,2.27,0.051,0,—,—
evt-579a6113075d,2026-06-03T20:40:00Z,normal-0520,normal_activity,Benign,AI Agent,user-001,support-agent,agent_summarize_ticket,IN,0.92,2,8,1,0.404,0.028,0,—,—
evt-bfce4c754e4a,2026-06-03T20:51:00Z,normal-0521,normal_activity,Benign,Identity,user-002,workforce-sso,interactive_login,IN,0.933,2,30,1,0.13,0.149,0,—,—
evt-9513bb62daeb,2026-06-03T20:54:00Z,normal-0522,normal_activity,Benign,GitHub,user-003,engineering-repo,list_assigned_issues,US,0.837,2,18,1,0.625,0.173,0,—,—
evt-709e7727d762,2026-06-03T21:04:00Z,normal-0523,normal_activity,Benign,Identity,user-004,workforce-sso,interactive_login,US,0.888,2,26,1,0.389,0.047,0,—,—
evt-cc75881d361e,2026-06-03T21:11:00Z,normal-0524,normal_activity,Benign,Cloud,user-005,analytics-warehouse,run_approved_query,GB,0.937,2,5,2,8.982,0.025,0,—,—
evt-cd58ed597a16,2026-06-03T21:17:00Z,normal-0525,normal_activity,Benign,Identity,user-006,workforce-sso,interactive_login,DE,0.926,2,22,1,0.777,0.2,0,—,—
evt-0cf4f40ae50f,2026-06-03T21:26:00Z,normal-0526,normal_activity,Benign,Identity,user-007,workforce-sso,interactive_login,SG,0.899,1,31,1,0.004,0.035,0,—,—
evt-9a18efcb829a,2026-06-03T21:33:00Z,normal-0527,normal_activity,Benign,Identity,user-008,workforce-sso,interactive_login,AU,0.86,2,22,1,0.935,0.027,0,—,—
evt-b1c487b5bc4b,2026-06-03T21:39:00Z,normal-0528,normal_activity,Benign,SaaS,user-009,document-store,read_project_document,IN,0.846,2,7,1,1.882,0.142,0,—,—
evt-2c7717db7ed7,2026-06-03T21:45:00Z,normal-0529,normal_activity,Benign,Identity,user-010,workforce-sso,interactive_login,IN,0.938,2,32,1,0.487,0.092,0,—,—
evt-667b3a4e4c76,2026-06-03T21:54:00Z,normal-0530,normal_activity,Benign,Identity,user-011,workforce-sso,interactive_login,US,0.788,1,3,1,0.643,0.095,0,—,—
evt-48cd13161881,2026-06-03T21:58:00Z,normal-0531,normal_activity,Benign,SaaS,user-012,document-store,read_project_document,US,0.943,2,5,1,4.07,0.018,0,—,—
evt-6ed74dc4e86c,2026-06-03T22:05:00Z,normal-0532,normal_activity,Benign,SaaS,user-013,document-store,read_project_document,GB,0.783,2,20,1,0.311,0.182,0,—,—
evt-6a9514400203,2026-06-03T22:11:00Z,normal-0533,normal_activity,Benign,Cloud,user-014,analytics-warehouse,run_approved_query,DE,0.911,2,5,2,11.631,0.179,0,—,—
evt-ebd3f2cb32c9,2026-06-03T22:21:00Z,normal-0534,normal_activity,Benign,AI Agent,user-015,support-agent,agent_summarize_ticket,SG,0.9,2,14,1,0.269,0.17,0,—,—
evt-a56cb5665890,2026-06-03T22:29:00Z,normal-0535,normal_activity,Benign,GitHub,user-016,engineering-repo,list_assigned_issues,AU,0.902,2,38,1,0.62,0.019,0,—,—
evt-993c67ec9340,2026-06-03T22:32:00Z,normal-0536,normal_activity,Benign,Identity,user-017,workforce-sso,interactive_login,IN,0.781,2,6,1,0.791,0.158,0,—,—
evt-09bc609f8824,2026-06-03T22:43:00Z,normal-0537,normal_activity,Benign,SaaS,user-018,document-store,read_project_document,IN,0.811,2,29,1,2.614,0.097,0,—,—
evt-0368c2494787,2026-06-03T22:47:00Z,normal-0538,normal_activity,Benign,GitHub,user-019,engineering-repo,list_assigned_issues,US,0.857,1,16,1,0.442,0.05,0,—,—
evt-68987a46788e,2026-06-03T22:57:00Z,normal-0539,normal_activity,Benign,Cloud,user-020,analytics-warehouse,run_approved_query,US,0.949,2,18,2,13.828,0.021,0,—,—
evt-a90d8695baf1,2026-06-03T23:00:00Z,normal-0540,normal_activity,Benign,Identity,user-021,workforce-sso,interactive_login,GB,0.792,2,14,1,0.797,0.101,0,—,—
evt-49c4cb5d25bb,2026-06-03T23:09:00Z,normal-0541,normal_activity,Benign,AI Agent,user-022,support-agent,agent_summarize_ticket,DE,0.819,2,32,1,0.173,0.118,0,—,—
evt-ac565752b595,2026-06-03T23:14:00Z,normal-0542,normal_activity,Benign,GitHub,user-023,engineering-repo,list_assigned_issues,SG,0.831,2,15,1,1.226,0.031,0,—,—
evt-77927eb24785,2026-06-03T23:24:00Z,normal-0543,normal_activity,Benign,Cloud,user-024,analytics-warehouse,run_approved_query,AU,0.812,2,30,2,7.123,0.047,0,—,—
evt-3890108788cb,2026-06-03T23:30:00Z,normal-0544,normal_activity,Benign,SaaS,user-025,document-store,read_project_document,IN,0.787,2,18,1,4.375,0.039,0,—,—
evt-04010b569024,2026-06-03T23:38:00Z,normal-0545,normal_activity,Benign,AI Agent,user-026,support-agent,agent_summarize_ticket,IN,0.979,2,36,1,0.945,0.19,0,—,—
evt-cb9dc6592694,2026-06-03T23:42:00Z,normal-0546,normal_activity,Benign,Cloud,user-027,analytics-warehouse,run_approved_query,US,0.841,2,16,2,3.814,0.062,0,—,—
evt-4849b44293a4,2026-06-03T23:52:00Z,normal-0547,normal_activity,Benign,Identity,user-028,workforce-sso,interactive_login,US,0.872,1,31,1,0.579,0.164,0,—,—
evt-11ca25bf765f,2026-06-04T00:00:00Z,normal-0548,normal_activity,Benign,Cloud,user-029,analytics-warehouse,run_approved_query,GB,0.889,2,1,2,11.374,0.156,0,—,—
evt-e89e18b96518,2026-06-04T00:06:00Z,normal-0549,normal_activity,Benign,Cloud,user-030,analytics-warehouse,run_approved_query,DE,0.927,2,30,2,9.419,0.19,0,—,—
evt-6f70e7a29377,2026-06-04T00:14:00Z,normal-0550,normal_activity,Benign,GitHub,user-031,engineering-repo,list_assigned_issues,SG,0.918,2,1,1,1.566,0.191,0,—,—
evt-fff037eb8721,2026-06-04T00:17:00Z,normal-0551,normal_activity,Benign,AI Agent,user-032,support-agent,agent_summarize_ticket,AU,0.899,2,6,1,1.154,0.14,0,—,—
evt-7534d5bc3a30,2026-06-04T00:26:00Z,normal-0552,normal_activity,Benign,Identity,user-033,workforce-sso,interactive_login,IN,0.864,2,3,1,0.736,0.087,0,—,—
evt-9af7e0df3c3d,2026-06-04T00:32:00Z,normal-0553,normal_activity,Benign,GitHub,user-034,engineering-repo,list_assigned_issues,IN,0.832,2,31,1,1.165,0.165,0,—,—
evt-3a56ac03e780,2026-06-04T00:42:00Z,normal-0554,normal_activity,Benign,GitHub,user-035,engineering-repo,list_assigned_issues,US,0.891,2,4,1,1.531,0.023,0,—,—
evt-26e0d3efd150,2026-06-04T00:47:00Z,normal-0555,normal_activity,Benign,AI Agent,user-036,support-agent,agent_summarize_ticket,US,0.978,2,24,1,0.845,0.178,0,—,—
evt-dcc66ff6c666,2026-06-04T00:52:00Z,normal-0556,normal_activity,Benign,Identity,user-037,workforce-sso,interactive_login,GB,0.804,2,10,1,0.188,0.114,0,—,—
evt-30cbd4045a68,2026-06-04T01:00:00Z,normal-0557,normal_activity,Benign,SaaS,user-038,document-store,read_project_document,DE,0.884,2,2,1,3.838,0.071,0,—,—
evt-cd78253a7188,2026-06-04T01:06:00Z,normal-0558,normal_activity,Benign,AI Agent,user-039,support-agent,agent_summarize_ticket,SG,0.855,2,21,1,0.57,0.112,0,—,—
evt-680070d24189,2026-06-04T01:17:00Z,normal-0559,normal_activity,Benign,SaaS,user-040,document-store,read_project_document,AU,0.954,2,24,1,2.782,0.214,0,—,—
evt-79b10a6c0939,2026-06-04T01:20:00Z,normal-0560,normal_activity,Benign,AI Agent,user-001,support-agent,agent_summarize_ticket,IN,0.843,2,10,1,0.325,0.044,0,—,—
evt-8ace9c1cb7fa,2026-06-04T01:27:00Z,normal-0561,normal_activity,Benign,AI Agent,user-002,support-agent,agent_summarize_ticket,IN,0.936,2,23,1,0.358,0.041,0,—,—
evt-befec2329fde,2026-06-04T01:37:00Z,normal-0562,normal_activity,Benign,Cloud,user-003,analytics-warehouse,run_approved_query,US,0.949,2,21,2,12.966,0.043,0,—,—
evt-50c0ed19d9d7,2026-06-04T01:45:00Z,normal-0563,normal_activity,Benign,AI Agent,user-004,support-agent,agent_summarize_ticket,US,0.927,2,29,1,0.506,0.081,0,—,—
evt-e27ba0015330,2026-06-04T01:48:00Z,normal-0564,normal_activity,Benign,Cloud,user-005,analytics-warehouse,run_approved_query,GB,0.916,2,23,2,8.162,0.029,0,—,—
evt-52e58d87329c,2026-06-04T01:55:00Z,normal-0565,normal_activity,Benign,SaaS,user-006,document-store,read_project_document,DE,0.785,2,29,1,1.332,0.152,0,—,—
evt-fc1530400888,2026-06-04T02:02:00Z,normal-0566,normal_activity,Benign,Identity,user-007,workforce-sso,interactive_login,SG,0.98,2,10,1,0.976,0.16,0,—,—
evt-c229694107de,2026-06-04T02:12:00Z,normal-0567,normal_activity,Benign,AI Agent,user-008,support-agent,agent_summarize_ticket,AU,0.799,2,29,1,1.469,0.166,0,—,—
evt-fdaadbc94539,2026-06-04T02:19:00Z,normal-0568,normal_activity,Benign,Cloud,user-009,analytics-warehouse,run_approved_query,IN,0.811,2,6,2,13.615,0.04,0,—,—
evt-ea450b3fb1c8,2026-06-04T02:25:00Z,normal-0569,normal_activity,Benign,Cloud,user-010,analytics-warehouse,run_approved_query,IN,0.799,2,18,2,1.86,0.097,0,—,—
evt-9e914602ef8a,2026-06-04T02:34:00Z,normal-0570,normal_activity,Benign,GitHub,user-011,engineering-repo,list_assigned_issues,US,0.902,1,20,1,1.838,0.185,0,—,—
evt-822c16bc703d,2026-06-04T02:39:00Z,normal-0571,normal_activity,Benign,GitHub,user-012,engineering-repo,list_assigned_issues,US,0.99,2,31,1,0.527,0.036,0,—,—
evt-ebce800240d0,2026-06-04T02:46:00Z,normal-0572,normal_activity,Benign,GitHub,user-013,engineering-repo,list_assigned_issues,GB,0.888,2,24,1,1.407,0.132,0,—,—
evt-580027c48f89,2026-06-04T02:55:00Z,normal-0573,normal_activity,Benign,GitHub,user-014,engineering-repo,list_assigned_issues,DE,0.893,2,17,1,1.403,0.044,0,—,—
evt-dff8fa337ad3,2026-06-04T02:58:00Z,normal-0574,normal_activity,Benign,GitHub,user-015,engineering-repo,list_assigned_issues,SG,0.872,2,23,1,1.417,0.02,0,—,—
evt-6694d8d78a9e,2026-06-04T03:07:00Z,normal-0575,normal_activity,Benign,Identity,user-016,workforce-sso,interactive_login,AU,0.912,2,21,1,0.53,0.193,0,—,—
evt-d9c13bf74b78,2026-06-04T03:14:00Z,normal-0576,normal_activity,Benign,SaaS,user-017,document-store,read_project_document,IN,0.783,2,24,1,4.248,0.174,0,—,—
evt-2ce1564c45bd,2026-06-04T03:22:00Z,normal-0577,normal_activity,Benign,SaaS,user-018,document-store,read_project_document,IN,0.955,2,34,1,5.483,0.188,0,—,—
evt-92d25f2f8e11,2026-06-04T03:30:00Z,normal-0578,normal_activity,Benign,SaaS,user-019,document-store,read_project_document,US,0.983,2,20,1,4.855,0.155,0,—,—
evt-dee89d0dc5e2,2026-06-04T03:34:00Z,normal-0579,normal_activity,Benign,GitHub,user-020,engineering-repo,list_assigned_issues,US,0.786,2,15,1,1.236,0.037,0,—,—
evt-0cc0ed4bafda,2026-06-04T03:41:00Z,normal-0580,normal_activity,Benign,Identity,user-021,workforce-sso,interactive_login,GB,0.797,2,28,1,0.688,0.019,0,—,—
evt-d15990330958,2026-06-04T03:47:00Z,normal-0581,normal_activity,Benign,Identity,user-022,workforce-sso,interactive_login,DE,0.795,2,7,1,0.033,0.174,0,—,—
evt-b5bca893161b,2026-06-04T03:58:00Z,normal-0582,normal_activity,Benign,GitHub,user-023,engineering-repo,list_assigned_issues,SG,0.989,2,11,1,0.451,0.19,0,—,—
evt-a04a160f6317,2026-06-04T04:05:00Z,normal-0583,normal_activity,Benign,SaaS,user-024,document-store,read_project_document,AU,0.937,2,11,1,3.507,0.199,0,—,—
evt-c57e69334ad1,2026-06-04T04:12:00Z,normal-0584,normal_activity,Benign,Cloud,user-025,analytics-warehouse,run_approved_query,IN,0.861,2,29,2,12.966,0.151,0,—,—
evt-3de4e5e71e5b,2026-06-04T04:15:00Z,normal-0585,normal_activity,Benign,Identity,user-026,workforce-sso,interactive_login,IN,0.948,2,30,1,0.181,0.033,0,—,—
evt-cf069567c65d,2026-06-04T04:23:00Z,normal-0586,normal_activity,Benign,Cloud,user-027,analytics-warehouse,run_approved_query,US,0.805,2,20,2,10.388,0.154,0,—,—
evt-9f3324c6b9ad,2026-06-04T04:32:00Z,normal-0587,normal_activity,Benign,Cloud,user-028,analytics-warehouse,run_approved_query,US,0.987,2,1,2,6.564,0.22,0,—,—
evt-7393c346eb30,2026-06-04T04:39:00Z,normal-0588,normal_activity,Benign,Cloud,user-029,analytics-warehouse,run_approved_query,GB,0.868,2,7,2,9.795,0.166,0,—,—
evt-61a5e9987af0,2026-06-04T04:44:00Z,normal-0589,normal_activity,Benign,Identity,user-030,workforce-sso,interactive_login,DE,0.831,2,32,1,0.065,0.068,0,—,—
evt-cd7df53c03d2,2026-06-04T04:54:00Z,normal-0590,normal_activity,Benign,AI Agent,user-031,support-agent,agent_summarize_ticket,SG,0.989,2,33,1,0.599,0.069,0,—,—
evt-415d7218e0c4,2026-06-04T05:00:00Z,normal-0591,normal_activity,Benign,Identity,user-032,workforce-sso,interactive_login,AU,0.942,2,32,1,0.108,0.152,0,—,—
evt-a145b07ea21b,2026-06-04T05:05:00Z,normal-0592,normal_activity,Benign,Identity,user-033,workforce-sso,interactive_login,IN,0.925,2,32,1,0.383,0.176,0,—,—
evt-0fa739054660,2026-06-04T05:12:00Z,normal-0593,normal_activity,Benign,AI Agent,user-034,support-agent,agent_summarize_ticket,IN,0.9,2,3,1,1.233,0.218,0,—,—
evt-99b7c4c3e2c4,2026-06-04T05:18:00Z,normal-0594,normal_activity,Benign,AI Agent,user-035,support-agent,agent_summarize_ticket,US,0.925,2,11,1,0.146,0.113,0,—,—
evt-9143f20f469b,2026-06-04T05:26:00Z,normal-0595,normal_activity,Benign,AI Agent,user-036,support-agent,agent_summarize_ticket,US,0.931,2,31,1,0.787,0.128,0,—,—
evt-748e549d768e,2026-06-04T05:33:00Z,normal-0596,normal_activity,Benign,GitHub,user-037,engineering-repo,list_assigned_issues,GB,0.949,2,4,1,1.04,0.016,0,—,—
evt-9d0b3cee14db,2026-06-04T05:39:00Z,normal-0597,normal_activity,Benign,GitHub,user-038,engineering-repo,list_assigned_issues,DE,0.864,2,23,1,1.638,0.097,0,—,—
evt-1cdb54cb2fe6,2026-06-04T05:46:00Z,normal-0598,normal_activity,Benign,Identity,user-039,workforce-sso,interactive_login,SG,0.971,2,11,1,0.661,0.014,0,—,—
evt-239a7963b896,2026-06-04T05:55:00Z,normal-0599,normal_activity,Benign,Identity,user-040,workforce-sso,interactive_login,AU,0.933,2,21,1,0.037,0.089,0,—,—
evt-9fec2a1e69b8,2026-06-04T06:03:00Z,normal-0600,normal_activity,Benign,Cloud,user-001,analytics-warehouse,run_approved_query,IN,0.891,2,22,2,9.981,0.045,0,—,—
evt-2648d18898a1,2026-06-04T06:09:00Z,normal-0601,normal_activity,Benign,AI Agent,user-002,support-agent,agent_summarize_ticket,IN,0.827,2,20,1,1.202,0.219,0,—,—
evt-fcee34c41591,2026-06-04T06:17:00Z,normal-0602,normal_activity,Benign,AI Agent,user-003,support-agent,agent_summarize_ticket,US,0.854,1,34,1,0.909,0.11,0,—,—
evt-3eb3fa954079,2026-06-04T06:22:00Z,normal-0603,normal_activity,Benign,AI Agent,user-004,support-agent,agent_summarize_ticket,US,0.849,2,17,1,0.52,0.141,0,—,—
evt-aff4edd130e7,2026-06-04T06:31:00Z,normal-0604,normal_activity,Benign,SaaS,user-005,document-store,read_project_document,GB,0.907,2,30,1,3.376,0.066,0,—,—
evt-fcab885dc314,2026-06-04T06:39:00Z,normal-0605,normal_activity,Benign,Identity,user-006,workforce-sso,interactive_login,DE,0.895,2,10,1,0.809,0.06,0,—,—
evt-62ed67079aec,2026-06-04T06:44:00Z,normal-0606,normal_activity,Benign,Cloud,user-007,analytics-warehouse,run_approved_query,SG,0.839,2,11,2,12.845,0.064,0,—,—
evt-37cea196ec46,2026-06-04T06:53:00Z,normal-0607,normal_activity,Benign,GitHub,user-008,engineering-repo,list_assigned_issues,AU,0.882,2,28,1,0.385,0.099,0,—,—
evt-6089c0ac0e70,2026-06-04T06:56:00Z,normal-0608,normal_activity,Benign,AI Agent,user-009,support-agent,agent_summarize_ticket,IN,0.819,2,32,1,0.489,0.174,0,—,—
evt-5f669210ae9d,2026-06-04T07:03:00Z,normal-0609,normal_activity,Benign,Cloud,user-010,analytics-warehouse,run_approved_query,IN,0.977,2,6,2,12.273,0.093,0,—,—
evt-a32a1e432d35,2026-06-04T07:11:00Z,normal-0610,normal_activity,Benign,AI Agent,user-011,support-agent,agent_summarize_ticket,US,0.989,2,17,1,1.03,0.114,0,—,—
evt-82d9bfea1fbf,2026-06-04T07:17:00Z,normal-0611,normal_activity,Benign,Cloud,user-012,analytics-warehouse,run_approved_query,US,0.957,2,28,2,5.281,0.056,0,—,—
evt-efc4d8f5da57,2026-06-04T07:24:00Z,normal-0612,normal_activity,Benign,Cloud,user-013,analytics-warehouse,run_approved_query,GB,0.897,2,8,2,4.306,0.076,0,—,—
evt-23a42f710c53,2026-06-04T07:34:00Z,normal-0613,normal_activity,Benign,Cloud,user-014,analytics-warehouse,run_approved_query,DE,0.937,2,2,2,11.196,0.146,0,—,—
evt-3d44cc894075,2026-06-04T07:42:00Z,normal-0614,normal_activity,Benign,SaaS,user-015,document-store,read_project_document,SG,0.836,2,24,1,4.489,0.2,0,—,—
evt-aa5235d91917,2026-06-04T07:45:00Z,normal-0615,normal_activity,Benign,GitHub,user-016,engineering-repo,list_assigned_issues,AU,0.846,2,16,1,0.941,0.072,0,—,—
evt-51d499e26ceb,2026-06-04T07:53:00Z,normal-0616,normal_activity,Benign,Identity,user-017,workforce-sso,interactive_login,IN,0.84,2,32,1,0.916,0.109,0,—,—
evt-607f56288f79,2026-06-04T08:00:00Z,devi-00,device_code_phishing,Initial Access,Identity,user-001,workforce-sso,device_code_requested,RU,0.129,0,51,1,0.095,0.086,1,T1566,—
evt-c5560a91a840,2026-06-04T08:02:00Z,normal-0617,normal_activity,Benign,SaaS,user-018,document-store,read_project_document,IN,0.934,2,23,1,2.13,0.098,0,—,—
evt-abe231cf4ec1,2026-06-04T08:06:00Z,devi-00,device_code_phishing,Credential Access,Identity,user-001,workforce-sso,device_code_token_replayed,RU,0.147,0,93,1,0.101,0.191,1,T1528,—
evt-0da3ba5c467e,2026-06-04T08:10:00Z,normal-0618,normal_activity,Benign,Cloud,user-019,analytics-warehouse,run_approved_query,US,0.954,2,26,2,1.677,0.052,0,—,—
evt-445293ad6cfe,2026-06-04T08:15:00Z,normal-0619,normal_activity,Benign,SaaS,user-020,document-store,read_project_document,US,0.966,2,21,1,0.677,0.105,0,—,—
evt-63e6c272f066,2026-06-04T08:16:00Z,devi-00,device_code_phishing,Discovery,SaaS,user-001,mailbox,enumerate_mailbox_rules,RU,0.248,0,105,2,7.287,0.189,1,T1087,—
evt-b92233e21767,2026-06-04T08:21:00Z,normal-0620,normal_activity,Benign,Cloud,user-021,analytics-warehouse,run_approved_query,GB,0.861,2,25,2,11.394,0.208,0,—,—
evt-19de8009d11e,2026-06-04T08:30:00Z,devi-00,device_code_phishing,Privilege Escalation,Cloud,user-001,iam-control-plane,add_privileged_oauth_scope,RU,0.132,0,131,4,1.056,0.33,1,T1098,ASI03
evt-f7daabc91f73,2026-06-04T08:31:00Z,normal-0621,normal_activity,Benign,Identity,user-022,workforce-sso,interactive_login,DE,0.994,2,11,1,0.224,0.02,0,—,—
evt-6f1e1b0cd41e,2026-06-04T08:38:00Z,normal-0622,normal_activity,Benign,Identity,user-023,workforce-sso,interactive_login,SG,0.783,2,30,1,0.429,0.184,0,—,—
evt-0b6ddd534802,2026-06-04T08:44:00Z,normal-0623,normal_activity,Benign,GitHub,user-024,engineering-repo,list_assigned_issues,AU,0.944,2,28,1,0.462,0.19,0,—,—
evt-d163041d0448,2026-06-04T08:44:00Z,devi-00,device_code_phishing,Collection,SaaS,user-001,document-store,bulk_document_download,RU,0.23,0,164,4,138.577,0.285,1,T1213,ASI03
evt-161b3180e1f6,2026-06-04T08:50:00Z,devi-00,device_code_phishing,Exfiltration,Cloud,user-001,external-storage,exfiltrate_archive,RU,0.26,0,183,4,304.548,0.513,1,T1567,ASI03
evt-ffb128351d66,2026-06-04T08:52:00Z,normal-0624,normal_activity,Benign,SaaS,user-025,document-store,read_project_document,IN,0.786,2,16,1,4.98,0.14,0,—,—
evt-6f12797ed3d4,2026-06-04T08:56:00Z,normal-0625,normal_activity,Benign,GitHub,user-026,engineering-repo,list_assigned_issues,IN,0.994,2,14,1,0.971,0.16,0,—,—
evt-ad53e128293e,2026-06-04T09:05:00Z,normal-0626,normal_activity,Benign,SaaS,user-027,document-store,read_project_document,US,0.884,2,3,1,1.686,0.011,0,—,—
evt-55b8fa5a2908,2026-06-04T09:13:00Z,normal-0627,normal_activity,Benign,AI Agent,user-028,support-agent,agent_summarize_ticket,US,0.789,2,11,1,1.455,0.116,0,—,—
evt-6d9bc4bfe505,2026-06-04T09:18:00Z,normal-0628,normal_activity,Benign,Identity,user-029,workforce-sso,interactive_login,GB,0.849,2,32,1,0.878,0.193,0,—,—
evt-6abe46404a2f,2026-06-04T09:25:00Z,normal-0629,normal_activity,Benign,GitHub,user-030,engineering-repo,list_assigned_issues,DE,0.894,2,11,1,0.638,0.076,0,—,—
evt-8b5ddce7d9bc,2026-06-04T09:33:00Z,normal-0630,normal_activity,Benign,Identity,user-031,workforce-sso,interactive_login,SG,0.822,1,12,1,0.764,0.018,0,—,—
evt-a64c417b4614,2026-06-04T09:39:00Z,normal-0631,normal_activity,Benign,Cloud,user-032,analytics-warehouse,run_approved_query,AU,0.858,2,32,2,12.637,0.106,0,—,—
evt-21bd10d42789,2026-06-04T09:44:00Z,normal-0632,normal_activity,Benign,SaaS,user-033,document-store,read_project_document,IN,0.964,2,18,1,5.228,0.128,0,—,—
evt-1c2c171735cb,2026-06-04T09:55:00Z,normal-0633,normal_activity,Benign,Identity,user-034,workforce-sso,interactive_login,IN,0.834,2,7,1,0.212,0.196,0,—,—
evt-7205644ce0de,2026-06-04T09:58:00Z,normal-0634,normal_activity,Benign,Identity,user-035,workforce-sso,interactive_login,US,0.964,2,6,1,0.284,0.107,0,—,—
evt-6728e2884dcc,2026-06-04T10:08:00Z,normal-0635,normal_activity,Benign,AI Agent,user-036,support-agent,agent_summarize_ticket,US,0.989,2,37,1,1.458,0.037,0,—,—
evt-c20916e25689,2026-06-04T10:12:00Z,normal-0636,normal_activity,Benign,AI Agent,user-037,support-agent,agent_summarize_ticket,GB,0.864,2,12,1,0.866,0.06,0,—,—
evt-7ec8203f9425,2026-06-04T10:22:00Z,normal-0637,normal_activity,Benign,SaaS,user-038,document-store,read_project_document,DE,0.807,2,28,1,5.144,0.165,0,—,—
evt-710d6cfbd353,2026-06-04T10:28:00Z,normal-0638,normal_activity,Benign,SaaS,user-039,document-store,read_project_document,SG,0.888,2,31,1,3.7,0.066,0,—,—
evt-7828464684a2,2026-06-04T10:37:00Z,normal-0639,normal_activity,Benign,Cloud,user-040,analytics-warehouse,run_approved_query,AU,0.8,2,30,2,8.98,0.152,0,—,—
evt-e292457baf55,2026-06-04T10:41:00Z,normal-0640,normal_activity,Benign,Identity,user-001,workforce-sso,interactive_login,IN,0.98,2,10,1,0.931,0.217,0,—,—
evt-0251742efd3e,2026-06-04T10:49:00Z,normal-0641,normal_activity,Benign,Identity,user-002,workforce-sso,interactive_login,IN,0.893,2,27,1,0.842,0.03,0,—,—
evt-a3cd0a8a3f9d,2026-06-04T10:58:00Z,normal-0642,normal_activity,Benign,Cloud,user-003,analytics-warehouse,run_approved_query,US,0.82,2,26,2,10.992,0.02,0,—,—
evt-528f84cb3df6,2026-06-04T11:04:00Z,normal-0643,normal_activity,Benign,AI Agent,user-004,support-agent,agent_summarize_ticket,US,0.958,2,12,1,1.038,0.054,0,—,—
evt-e1d80bdcc9f4,2026-06-04T11:08:00Z,normal-0644,normal_activity,Benign,Identity,user-005,workforce-sso,interactive_login,GB,0.867,1,31,1,0.747,0.107,0,—,—
evt-708de7809b53,2026-06-04T11:18:00Z,normal-0645,normal_activity,Benign,AI Agent,user-006,support-agent,agent_summarize_ticket,DE,0.859,2,26,1,0.966,0.179,0,—,—
evt-de1d9c39a747,2026-06-04T11:22:00Z,normal-0646,normal_activity,Benign,Identity,user-007,workforce-sso,interactive_login,SG,0.826,2,16,1,0.125,0.102,0,—,—
evt-3d33bf5f8699,2026-06-04T11:33:00Z,normal-0647,normal_activity,Benign,SaaS,user-008,document-store,read_project_document,AU,0.979,2,29,1,1.945,0.212,0,—,—
evt-1e6f0d825479,2026-06-04T11:39:00Z,normal-0648,normal_activity,Benign,Cloud,user-009,analytics-warehouse,run_approved_query,IN,0.791,1,28,2,4.833,0.216,0,—,—
evt-d6dd5c11d46a,2026-06-04T11:46:00Z,normal-0649,normal_activity,Benign,Cloud,user-010,analytics-warehouse,run_approved_query,IN,0.893,2,32,2,4.78,0.059,0,—,—
evt-8758bfec9e3a,2026-06-04T11:50:00Z,normal-0650,normal_activity,Benign,Cloud,user-011,analytics-warehouse,run_approved_query,US,0.976,2,23,2,1.826,0.104,0,—,—
evt-4930e144e80e,2026-06-04T12:00:00Z,normal-0651,normal_activity,Benign,SaaS,user-012,document-store,read_project_document,US,0.909,2,30,1,1.87,0.038,0,—,—
evt-7794cf2b07c5,2026-06-04T12:00:00Z,info-00,infostealer_cloud_pivot,Credential Access,Endpoint,user-002,developer-laptop,browser_credential_store_read,RU,0.151,1,47,1,0.209,0.215,1,T1555,—
evt-700dedd987fd,2026-06-04T12:06:00Z,normal-0652,normal_activity,Benign,GitHub,user-013,engineering-repo,list_assigned_issues,GB,0.955,2,11,1,0.892,0.141,0,—,—
evt-09f8069defa9,2026-06-04T12:09:00Z,info-00,infostealer_cloud_pivot,Initial Access,Identity,user-002,workforce-sso,session_cookie_replayed,RU,0.111,1,116,2,0.179,0.319,1,T1539,—
evt-3d49aebd5dc9,2026-06-04T12:13:00Z,normal-0653,normal_activity,Benign,Cloud,user-014,analytics-warehouse,run_approved_query,DE,0.802,2,32,2,3.253,0.074,0,—,—
evt-a056b98aadcd,2026-06-04T12:14:00Z,info-00,infostealer_cloud_pivot,Discovery,GitHub,user-002,engineering-repo,enumerate_ci_secrets,RU,0.12,1,134,2,16.545,0.426,1,T1552,—
evt-082f26aab7b7,2026-06-04T12:19:00Z,normal-0654,normal_activity,Benign,SaaS,user-015,document-store,read_project_document,SG,0.962,2,3,1,5.996,0.179,0,—,—
evt-9877c8d47e03,2026-06-04T12:21:00Z,info-00,infostealer_cloud_pivot,Lateral Movement,Cloud,user-002,oidc-trust,assume_oidc_deployment_role,RU,0.138,1,148,4,1.982,0.537,1,T1550,ASI03
evt-ba1a58f11574,2026-06-04T12:27:00Z,normal-0655,normal_activity,Benign,GitHub,user-016,engineering-repo,list_assigned_issues,AU,0.953,2,36,1,0.329,0.066,0,—,—
evt-1f902e2c9bab,2026-06-04T12:28:00Z,info-00,infostealer_cloud_pivot,Privilege Escalation,Cloud,user-002,iam-control-plane,create_admin_role,RU,0.215,1,165,5,0.99,0.638,1,T1098,ASI03
evt-f6e6246cec03,2026-06-04T12:33:00Z,normal-0656,normal_activity,Benign,Cloud,user-017,analytics-warehouse,run_approved_query,IN,0.956,2,8,2,2.354,0.215,0,—,—
evt-63481d5a6726,2026-06-04T12:40:00Z,info-00,infostealer_cloud_pivot,Exfiltration,Cloud,user-002,customer-data,export_customer_dataset,RU,0.146,1,191,5,466.223,0.636,1,T1530,ASI03
evt-b3f65e44eb8e,2026-06-04T12:43:00Z,normal-0657,normal_activity,Benign,SaaS,user-018,document-store,read_project_document,IN,0.919,2,24,1,5.179,0.043,0,—,—
evt-a748ea4d5bcd,2026-06-04T12:48:00Z,normal-0658,normal_activity,Benign,GitHub,user-019,engineering-repo,list_assigned_issues,US,0.854,2,13,1,1.047,0.102,0,—,—
evt-9c08d25dae5f,2026-06-04T12:56:00Z,normal-0659,normal_activity,Benign,SaaS,user-020,document-store,read_project_document,US,0.799,2,27,1,0.238,0.086,0,—,—
evt-e2556924a76e,2026-06-04T13:01:00Z,normal-0660,normal_activity,Benign,Cloud,user-021,analytics-warehouse,run_approved_query,GB,0.982,2,34,2,3.966,0.177,0,—,—
evt-29dd2690c877,2026-06-04T13:09:00Z,normal-0661,normal_activity,Benign,Identity,user-022,workforce-sso,interactive_login,DE,0.799,2,11,1,0.944,0.101,0,—,—
evt-06b60b5d0463,2026-06-04T13:17:00Z,normal-0662,normal_activity,Benign,AI Agent,user-023,support-agent,agent_summarize_ticket,SG,0.994,2,36,1,0.181,0.193,0,—,—
evt-ba6f21b1bef2,2026-06-04T13:23:00Z,normal-0663,normal_activity,Benign,Cloud,user-024,analytics-warehouse,run_approved_query,AU,0.878,2,35,2,7.861,0.141,0,—,—
evt-547d423b51f4,2026-06-04T13:32:00Z,normal-0664,normal_activity,Benign,SaaS,user-025,document-store,read_project_document,IN,0.974,2,35,1,4.245,0.08,0,—,—
evt-b9956433a05b,2026-06-04T13:36:00Z,normal-0665,normal_activity,Benign,GitHub,user-026,engineering-repo,list_assigned_issues,IN,0.947,2,2,1,0.506,0.197,0,—,—
evt-3bb992e9a9b7,2026-06-04T13:46:00Z,normal-0666,normal_activity,Benign,Identity,user-027,workforce-sso,interactive_login,US,0.941,2,17,1,0.593,0.142,0,—,—
evt-47d54d4fbb38,2026-06-04T13:51:00Z,normal-0667,normal_activity,Benign,Identity,user-028,workforce-sso,interactive_login,US,0.88,2,38,1,0.124,0.129,0,—,—
evt-389260fee5b1,2026-06-04T14:00:00Z,normal-0668,normal_activity,Benign,AI Agent,user-029,support-agent,agent_summarize_ticket,GB,0.928,2,34,1,1.241,0.165,0,—,—
evt-9af66c6430a2,2026-06-04T14:03:00Z,normal-0669,normal_activity,Benign,Cloud,user-030,analytics-warehouse,run_approved_query,DE,0.962,2,4,2,5.696,0.099,0,—,—
evt-d503de52765c,2026-06-04T14:11:00Z,normal-0670,normal_activity,Benign,AI Agent,user-031,support-agent,agent_summarize_ticket,SG,0.951,2,38,1,0.924,0.115,0,—,—
evt-e0ed169ecef3,2026-06-04T14:20:00Z,normal-0671,normal_activity,Benign,SaaS,user-032,document-store,read_project_document,AU,0.812,2,30,1,4.196,0.037,0,—,—
evt-12a3c8fc4372,2026-06-04T14:28:00Z,normal-0672,normal_activity,Benign,AI Agent,user-033,support-agent,agent_summarize_ticket,IN,0.861,2,27,1,1.145,0.033,0,—,—
evt-b65e2fddba38,2026-06-04T14:33:00Z,normal-0673,normal_activity,Benign,GitHub,user-034,engineering-repo,list_assigned_issues,IN,0.845,1,10,1,0.391,0.04,0,—,—
evt-6aab340d6f33,2026-06-04T14:42:00Z,normal-0674,normal_activity,Benign,Cloud,user-035,analytics-warehouse,run_approved_query,US,0.78,2,5,2,4.685,0.193,0,—,—
evt-d1091538cb94,2026-06-04T14:48:00Z,normal-0675,normal_activity,Benign,AI Agent,user-036,support-agent,agent_summarize_ticket,US,0.809,2,30,1,0.628,0.17,0,—,—
evt-bf0e918b7917,2026-06-04T14:55:00Z,normal-0676,normal_activity,Benign,Cloud,user-037,analytics-warehouse,run_approved_query,GB,0.831,2,35,2,9.122,0.02,0,—,—
evt-8f3ef3cb1558,2026-06-04T15:02:00Z,normal-0677,normal_activity,Benign,GitHub,user-038,engineering-repo,list_assigned_issues,DE,0.903,2,36,1,1.745,0.028,0,—,—
evt-c2c516098c0b,2026-06-04T15:10:00Z,normal-0678,normal_activity,Benign,AI Agent,user-039,support-agent,agent_summarize_ticket,SG,0.977,2,35,1,1.151,0.048,0,—,—
evt-205bd799e495,2026-06-04T15:13:00Z,normal-0679,normal_activity,Benign,Identity,user-040,workforce-sso,interactive_login,AU,0.958,2,26,1,0.275,0.134,0,—,—
evt-5453bca45839,2026-06-04T15:23:00Z,normal-0680,normal_activity,Benign,GitHub,user-001,engineering-repo,list_assigned_issues,IN,0.864,2,7,1,0.93,0.124,0,—,—
evt-d3505702bd73,2026-06-04T15:29:00Z,normal-0681,normal_activity,Benign,SaaS,user-002,document-store,read_project_document,IN,0.793,2,12,1,1.682,0.016,0,—,—
evt-4d0d75ecde63,2026-06-04T15:34:00Z,normal-0682,normal_activity,Benign,Identity,user-003,workforce-sso,interactive_login,US,0.791,2,38,1,0.298,0.06,0,—,—
evt-e629986e9535,2026-06-04T15:45:00Z,normal-0683,normal_activity,Benign,Cloud,user-004,analytics-warehouse,run_approved_query,US,0.794,1,15,2,1.788,0.202,0,—,—
evt-5e3ad94652dc,2026-06-04T15:48:00Z,normal-0684,normal_activity,Benign,SaaS,user-005,document-store,read_project_document,GB,0.847,2,6,1,5.788,0.188,0,—,—
evt-3598adfd70c5,2026-06-04T15:59:00Z,normal-0685,normal_activity,Benign,AI Agent,user-006,support-agent,agent_summarize_ticket,DE,0.99,2,36,1,1.195,0.105,0,—,—
evt-627228cdaaa5,2026-06-04T16:00:00Z,prom-00,prompt_injection_tool_abuse,Initial Access,AI Agent,user-003,retrieval-pipeline,retrieve_untrusted_document,IN,0.797,2,13,1,0.368,0.597,1,T1204,ASI01
evt-bc5fc7b6f383,2026-06-04T16:02:00Z,normal-0686,normal_activity,Benign,Identity,user-007,workforce-sso,interactive_login,SG,0.985,2,17,1,0.813,0.186,0,—,—
evt-cb95ec872f03,2026-06-04T16:11:00Z,prom-00,prompt_injection_tool_abuse,Execution,AI Agent,user-003,tool-gateway,invoke_unapproved_secret_tool,IN,0.79,2,17,2,0.212,0.874,1,T1059,ASI02
evt-ec88759f5e28,2026-06-04T16:12:00Z,normal-0687,normal_activity,Benign,SaaS,user-008,document-store,read_project_document,AU,0.943,2,20,1,5.086,0.029,0,—,—
evt-a8b5b0f8e41d,2026-06-04T16:14:00Z,prom-00,prompt_injection_tool_abuse,Credential Access,AI Agent,user-003,secret-manager,list_service_credentials,IN,0.777,2,31,3,0.295,0.979,1,T1552,ASI03
evt-92a088c33939,2026-06-04T16:16:00Z,normal-0688,normal_activity,Benign,AI Agent,user-009,support-agent,agent_summarize_ticket,IN,0.991,2,22,1,0.395,0.143,0,—,—
evt-f38ba747044c,2026-06-04T16:26:00Z,normal-0689,normal_activity,Benign,GitHub,user-010,engineering-repo,list_assigned_issues,IN,0.783,2,1,1,0.711,0.138,0,—,—
evt-2d68da1b31aa,2026-06-04T16:30:00Z,normal-0690,normal_activity,Benign,Cloud,user-011,analytics-warehouse,run_approved_query,US,0.898,2,5,2,12.638,0.123,0,—,—
evt-0c4e1f939251,2026-06-04T16:32:00Z,prom-00,prompt_injection_tool_abuse,Collection,AI Agent,user-003,customer-data,agent_bulk_export,IN,0.708,2,42,5,186.547,1.0,1,T1213,ASI02
evt-78783f1ef85d,2026-06-04T16:33:00Z,prom-00,prompt_injection_tool_abuse,Privilege Escalation,Cloud,user-003,iam-control-plane,agent_chain_admin_role,IN,0.786,2,29,5,0.228,0.964,1,T1098,ASI02
evt-8e877f9a7386,2026-06-04T16:40:00Z,normal-0691,normal_activity,Benign,SaaS,user-012,document-store,read_project_document,US,0.965,2,1,1,2.247,0.036,0,—,—
evt-fa1ab4eabce1,2026-06-04T16:45:00Z,prom-00,prompt_injection_tool_abuse,Exfiltration,AI Agent,user-003,external-api,agent_send_external,IN,0.651,2,53,5,303.242,1.0,1,T1567,ASI05
evt-95691cc5cc4a,2026-06-04T16:46:00Z,normal-0692,normal_activity,Benign,GitHub,user-013,engineering-repo,list_assigned_issues,GB,0.822,2,20,1,0.521,0.18,0,—,—
evt-09a1c9367306,2026-06-04T16:52:00Z,normal-0693,normal_activity,Benign,AI Agent,user-014,support-agent,agent_summarize_ticket,DE,0.826,2,26,1,1.366,0.033,0,—,—
evt-ceba9900ecb7,2026-06-04T17:00:00Z,normal-0694,normal_activity,Benign,AI Agent,user-015,support-agent,agent_summarize_ticket,SG,0.904,1,9,1,0.892,0.167,0,—,—
evt-ef185f39fd63,2026-06-04T17:06:00Z,normal-0695,normal_activity,Benign,SaaS,user-016,document-store,read_project_document,AU,0.966,1,35,1,3.505,0.139,0,—,—
evt-8a12e47e4b60,2026-06-04T17:16:00Z,normal-0696,normal_activity,Benign,GitHub,user-017,engineering-repo,list_assigned_issues,IN,0.875,2,18,1,0.912,0.036,0,—,—
evt-d553f2080131,2026-06-04T17:23:00Z,normal-0697,normal_activity,Benign,GitHub,user-018,engineering-repo,list_assigned_issues,IN,0.982,2,21,1,1.542,0.011,0,—,—
evt-ead578cb7944,2026-06-04T17:27:00Z,normal-0698,normal_activity,Benign,Cloud,user-019,analytics-warehouse,run_approved_query,US,0.991,2,13,2,13.873,0.045,0,—,—
evt-a62d60d08703,2026-06-04T17:35:00Z,normal-0699,normal_activity,Benign,GitHub,user-020,engineering-repo,list_assigned_issues,US,0.965,2,31,1,0.153,0.06,0,—,—
evt-9ca5740a230f,2026-06-04T17:42:00Z,normal-0700,normal_activity,Benign,AI Agent,user-021,support-agent,agent_summarize_ticket,GB,0.916,2,29,1,0.202,0.132,0,—,—
evt-0b40e9cedcea,2026-06-04T17:47:00Z,normal-0701,normal_activity,Benign,SaaS,user-022,document-store,read_project_document,DE,0.794,2,4,1,5.517,0.073,0,—,—
evt-1013042d343d,2026-06-04T17:57:00Z,normal-0702,normal_activity,Benign,Identity,user-023,workforce-sso,interactive_login,SG,0.916,2,1,1,0.066,0.105,0,—,—
evt-898ee9761759,2026-06-04T18:04:00Z,normal-0703,normal_activity,Benign,Identity,user-024,workforce-sso,interactive_login,AU,0.88,2,13,1,0.795,0.033,0,—,—
evt-ca36b8272267,2026-06-04T18:08:00Z,normal-0704,normal_activity,Benign,AI Agent,user-025,support-agent,agent_summarize_ticket,IN,0.836,2,29,1,0.902,0.049,0,—,—
evt-671737cd19a1,2026-06-04T18:16:00Z,normal-0705,normal_activity,Benign,GitHub,user-026,engineering-repo,list_assigned_issues,IN,0.848,2,10,1,0.692,0.041,0,—,—
evt-e8f3c4fe85a8,2026-06-04T18:24:00Z,normal-0706,normal_activity,Benign,SaaS,user-027,document-store,read_project_document,US,0.793,2,36,1,1.888,0.19,0,—,—
evt-7a83a83d32bd,2026-06-04T18:32:00Z,normal-0707,normal_activity,Benign,SaaS,user-028,document-store,read_project_document,US,0.927,2,30,1,5.864,0.136,0,—,—
evt-c1f2f44e998e,2026-06-04T18:38:00Z,normal-0708,normal_activity,Benign,Identity,user-029,workforce-sso,interactive_login,GB,0.88,2,3,1,0.852,0.114,0,—,—
evt-2d396abc4cf3,2026-06-04T18:43:00Z,normal-0709,normal_activity,Benign,GitHub,user-030,engineering-repo,list_assigned_issues,DE,0.958,2,26,1,0.986,0.049,0,—,—
evt-f5841373858e,2026-06-04T18:50:00Z,normal-0710,normal_activity,Benign,SaaS,user-031,document-store,read_project_document,SG,0.919,2,24,1,0.628,0.019,0,—,—
evt-78b6cb392b13,2026-06-04T18:57:00Z,normal-0711,normal_activity,Benign,AI Agent,user-032,support-agent,agent_summarize_ticket,AU,0.834,2,12,1,0.344,0.187,0,—,—
evt-3d932deba344,2026-06-04T19:04:00Z,normal-0712,normal_activity,Benign,SaaS,user-033,document-store,read_project_document,IN,0.847,2,24,1,4.129,0.149,0,—,—
evt-df7bb44f295a,2026-06-04T19:15:00Z,normal-0713,normal_activity,Benign,SaaS,user-034,document-store,read_project_document,IN,0.974,2,13,1,5.987,0.05,0,—,—
evt-99329b129836,2026-06-04T19:21:00Z,normal-0714,normal_activity,Benign,AI Agent,user-035,support-agent,agent_summarize_ticket,US,0.909,2,19,1,1.389,0.176,0,—,—
evt-310493606776,2026-06-04T19:27:00Z,normal-0715,normal_activity,Benign,AI Agent,user-036,support-agent,agent_summarize_ticket,US,0.975,2,6,1,0.812,0.175,0,—,—
evt-666961269dc8,2026-06-04T19:36:00Z,normal-0716,normal_activity,Benign,Cloud,user-037,analytics-warehouse,run_approved_query,GB,0.894,2,24,2,9.386,0.12,0,—,—
evt-f2cf92246421,2026-06-04T19:42:00Z,normal-0717,normal_activity,Benign,AI Agent,user-038,support-agent,agent_summarize_ticket,DE,0.923,2,13,1,1.39,0.105,0,—,—
evt-b2ebb9360d43,2026-06-04T19:47:00Z,normal-0718,normal_activity,Benign,GitHub,user-039,engineering-repo,list_assigned_issues,SG,0.836,2,6,1,1.789,0.072,0,—,—
evt-aa83560166fc,2026-06-04T19:57:00Z,normal-0719,normal_activity,Benign,Cloud,user-040,analytics-warehouse,run_approved_query,AU,0.875,2,32,2,9.075,0.077,0,—,—
evt-db3f15a6a5b6,2026-06-05T08:00:00Z,devi-01,device_code_phishing,Initial Access,Identity,user-004,workforce-sso,device_code_requested,BR,0.145,0,53,1,0.108,0.112,1,T1566,—
evt-0ab0a93c47e7,2026-06-05T08:09:00Z,devi-01,device_code_phishing,Credential Access,Identity,user-004,workforce-sso,device_code_token_replayed,BR,0.231,0,95,1,0.088,0.192,1,T1528,—
evt-4a6f17510e8a,2026-06-05T08:14:00Z,devi-01,device_code_phishing,Discovery,SaaS,user-004,mailbox,enumerate_mailbox_rules,BR,0.238,0,107,2,7.512,0.22,1,T1087,—
evt-5105b043217c,2026-06-05T08:27:00Z,devi-01,device_code_phishing,Privilege Escalation,Cloud,user-004,iam-control-plane,add_privileged_oauth_scope,BR,0.137,0,137,4,1.084,0.371,1,T1098,ASI03
evt-35908db573fd,2026-06-05T08:35:00Z,devi-01,device_code_phishing,Exfiltration,Cloud,user-004,external-storage,exfiltrate_archive,BR,0.169,0,183,4,280.762,0.475,1,T1567,ASI03
evt-230d05480711,2026-06-05T08:44:00Z,devi-01,device_code_phishing,Collection,SaaS,user-004,document-store,bulk_document_download,BR,0.23,0,159,4,136.823,0.295,1,T1213,ASI03
evt-5b98e3232cfe,2026-06-05T12:00:00Z,info-01,infostealer_cloud_pivot,Credential Access,Endpoint,user-005,developer-laptop,browser_credential_store_read,RU,0.252,1,45,1,0.197,0.223,1,T1555,—
evt-bc36ff1ba4a9,2026-06-05T12:09:00Z,info-01,infostealer_cloud_pivot,Initial Access,Identity,user-005,workforce-sso,session_cookie_replayed,RU,0.168,1,122,2,0.214,0.301,1,T1539,—
evt-43d9a4a0256d,2026-06-05T12:18:00Z,info-01,infostealer_cloud_pivot,Discovery,GitHub,user-005,engineering-repo,enumerate_ci_secrets,RU,0.103,1,138,2,15.858,0.367,1,T1552,—
evt-a688b5e52619,2026-06-05T12:24:00Z,info-01,infostealer_cloud_pivot,Lateral Movement,Cloud,user-005,oidc-trust,assume_oidc_deployment_role,RU,0.195,1,149,4,2.047,0.514,1,T1550,ASI03
evt-64f35be42c20,2026-06-05T12:36:00Z,info-01,infostealer_cloud_pivot,Privilege Escalation,Cloud,user-005,iam-control-plane,create_admin_role,RU,0.174,1,169,5,0.954,0.635,1,T1098,ASI03
evt-c85302330b50,2026-06-05T12:45:00Z,info-01,infostealer_cloud_pivot,Exfiltration,Cloud,user-005,customer-data,export_customer_dataset,RU,0.112,1,186,5,439.136,0.636,1,T1530,ASI03
evt-1a217aed7327,2026-06-05T16:00:00Z,prom-01,prompt_injection_tool_abuse,Initial Access,AI Agent,user-006,retrieval-pipeline,retrieve_untrusted_document,IN,0.777,2,14,1,0.362,0.566,1,T1204,ASI01
evt-a3605c954316,2026-06-05T16:10:00Z,prom-01,prompt_injection_tool_abuse,Execution,AI Agent,user-006,tool-gateway,invoke_unapproved_secret_tool,IN,0.779,2,14,2,0.22,0.927,1,T1059,ASI02
evt-8f18759f1775,2026-06-05T16:18:00Z,prom-01,prompt_injection_tool_abuse,Credential Access,AI Agent,user-006,secret-manager,list_service_credentials,IN,0.745,2,29,3,0.275,0.956,1,T1552,ASI03
evt-e0ce73abe544,2026-06-05T16:24:00Z,prom-01,prompt_injection_tool_abuse,Privilege Escalation,Cloud,user-006,iam-control-plane,agent_chain_admin_role,IN,0.784,2,30,5,0.187,0.98,1,T1098,ASI02
evt-d3161b32a8e5,2026-06-05T16:44:00Z,prom-01,prompt_injection_tool_abuse,Collection,AI Agent,user-006,customer-data,agent_bulk_export,IN,0.744,2,40,5,175.275,0.986,1,T1213,ASI02
evt-6ec14366c241,2026-06-05T16:55:00Z,prom-01,prompt_injection_tool_abuse,Exfiltration,AI Agent,user-006,external-api,agent_send_external,IN,0.766,2,44,5,310.974,1.0,1,T1567,ASI05
evt-d1a2dab01563,2026-06-06T08:00:00Z,devi-02,device_code_phishing,Initial Access,Identity,user-007,workforce-sso,device_code_requested,VN,0.16,0,57,1,0.111,0.104,1,T1566,—
evt-2c04093feb33,2026-06-06T08:11:00Z,devi-02,device_code_phishing,Credential Access,Identity,user-007,workforce-sso,device_code_token_replayed,VN,0.102,0,95,1,0.11,0.167,1,T1528,—
evt-d9d9b2afe0aa,2026-06-06T08:18:00Z,devi-02,device_code_phishing,Discovery,SaaS,user-007,mailbox,enumerate_mailbox_rules,VN,0.168,0,110,2,8.627,0.215,1,T1087,—
evt-a672e1c9726a,2026-06-06T08:24:00Z,devi-02,device_code_phishing,Privilege Escalation,Cloud,user-007,iam-control-plane,add_privileged_oauth_scope,VN,0.152,0,128,4,1.028,0.313,1,T1098,ASI03
evt-f56113d03181,2026-06-06T08:28:00Z,devi-02,device_code_phishing,Collection,SaaS,user-007,document-store,bulk_document_download,VN,0.125,0,159,4,129.494,0.334,1,T1213,ASI03
evt-d8d8f7aedb18,2026-06-06T08:50:00Z,devi-02,device_code_phishing,Exfiltration,Cloud,user-007,external-storage,exfiltrate_archive,VN,0.192,0,178,4,322.296,0.456,1,T1567,ASI03
evt-8d10112366dd,2026-06-06T12:00:00Z,info-02,infostealer_cloud_pivot,Credential Access,Endpoint,user-008,developer-laptop,browser_credential_store_read,NL,0.102,1,48,1,0.214,0.24,1,T1555,—
evt-8a501ffd0dfa,2026-06-06T12:09:00Z,info-02,infostealer_cloud_pivot,Initial Access,Identity,user-008,workforce-sso,session_cookie_replayed,NL,0.248,1,119,2,0.226,0.27,1,T1539,—
evt-5929bdf5a40f,2026-06-06T12:18:00Z,info-02,infostealer_cloud_pivot,Lateral Movement,Cloud,user-008,oidc-trust,assume_oidc_deployment_role,NL,0.162,1,156,4,1.844,0.561,1,T1550,ASI03
evt-e75c3a29909e,2026-06-06T12:18:00Z,info-02,infostealer_cloud_pivot,Discovery,GitHub,user-008,engineering-repo,enumerate_ci_secrets,NL,0.149,1,141,2,14.376,0.431,1,T1552,—
evt-3b7a123de6ef,2026-06-06T12:32:00Z,info-02,infostealer_cloud_pivot,Privilege Escalation,Cloud,user-008,iam-control-plane,create_admin_role,NL,0.223,1,173,5,0.971,0.647,1,T1098,ASI03
evt-0877154c7a68,2026-06-06T12:55:00Z,info-02,infostealer_cloud_pivot,Exfiltration,Cloud,user-008,customer-data,export_customer_dataset,NL,0.21,1,195,5,368.741,0.651,1,T1530,ASI03
evt-2c13345463bd,2026-06-06T16:00:00Z,prom-02,prompt_injection_tool_abuse,Initial Access,AI Agent,user-009,retrieval-pipeline,retrieve_untrusted_document,US,0.655,2,15,1,0.371,0.544,1,T1204,ASI01
evt-bd8e0711a97f,2026-06-06T16:10:00Z,prom-02,prompt_injection_tool_abuse,Execution,AI Agent,user-009,tool-gateway,invoke_unapproved_secret_tool,US,0.744,2,23,2,0.199,0.882,1,T1059,ASI02
evt-03b7865e81a8,2026-06-06T16:22:00Z,prom-02,prompt_injection_tool_abuse,Credential Access,AI Agent,user-009,secret-manager,list_service_credentials,US,0.705,2,20,3,0.273,0.932,1,T1552,ASI03
evt-74dadbd4c295,2026-06-06T16:24:00Z,prom-02,prompt_injection_tool_abuse,Privilege Escalation,Cloud,user-009,iam-control-plane,agent_chain_admin_role,US,0.75,2,29,5,0.21,0.95,1,T1098,ASI02
evt-da1ea2c01d9e,2026-06-06T16:44:00Z,prom-02,prompt_injection_tool_abuse,Collection,AI Agent,user-009,customer-data,agent_bulk_export,US,0.799,2,45,5,172.399,1.0,1,T1213,ASI02
evt-6ea4f588f410,2026-06-06T16:55:00Z,prom-02,prompt_injection_tool_abuse,Exfiltration,AI Agent,user-009,external-api,agent_send_external,US,0.701,2,52,5,333.846,0.979,1,T1567,ASI05
evt-648336807d1f,2026-06-07T08:00:00Z,devi-03,device_code_phishing,Initial Access,Identity,user-010,workforce-sso,device_code_requested,RU,0.186,0,51,1,0.1,0.106,1,T1566,—
evt-e0946b32c971,2026-06-07T08:09:00Z,devi-03,device_code_phishing,Credential Access,Identity,user-010,workforce-sso,device_code_token_replayed,RU,0.202,0,89,1,0.09,0.148,1,T1528,—
evt-5eeaeb598412,2026-06-07T08:20:00Z,devi-03,device_code_phishing,Discovery,SaaS,user-010,mailbox,enumerate_mailbox_rules,RU,0.128,0,115,2,8.295,0.162,1,T1087,—
evt-58d36cb45763,2026-06-07T08:21:00Z,devi-03,device_code_phishing,Privilege Escalation,Cloud,user-010,iam-control-plane,add_privileged_oauth_scope,RU,0.111,0,134,4,0.954,0.329,1,T1098,ASI03
evt-7cba7683ac75,2026-06-07T08:35:00Z,devi-03,device_code_phishing,Exfiltration,Cloud,user-010,external-storage,exfiltrate_archive,RU,0.152,0,178,4,278.799,0.519,1,T1567,ASI03
evt-137c32a6f451,2026-06-07T08:44:00Z,devi-03,device_code_phishing,Collection,SaaS,user-010,document-store,bulk_document_download,RU,0.184,0,161,4,112.762,0.311,1,T1213,ASI03
evt-60ea9e1904ef,2026-06-07T12:00:00Z,info-03,infostealer_cloud_pivot,Credential Access,Endpoint,user-011,developer-laptop,browser_credential_store_read,RU,0.139,1,47,1,0.178,0.275,1,T1555,—
evt-be28294cdbff,2026-06-07T12:11:00Z,info-03,infostealer_cloud_pivot,Initial Access,Identity,user-011,workforce-sso,session_cookie_replayed,RU,0.213,1,113,2,0.212,0.292,1,T1539,—
evt-33ee589d942c,2026-06-07T12:16:00Z,info-03,infostealer_cloud_pivot,Discovery,GitHub,user-011,engineering-repo,enumerate_ci_secrets,RU,0.197,1,142,2,14.693,0.38,1,T1552,—
evt-e83d5a80fb48,2026-06-07T12:30:00Z,info-03,infostealer_cloud_pivot,Exfiltration,Cloud,user-011,customer-data,export_customer_dataset,RU,0.183,1,187,5,456.398,0.633,1,T1530,ASI03
evt-f52119e2fc27,2026-06-07T12:30:00Z,info-03,infostealer_cloud_pivot,Lateral Movement,Cloud,user-011,oidc-trust,assume_oidc_deployment_role,RU,0.252,1,149,4,1.766,0.562,1,T1550,ASI03
evt-df6c12ea50c3,2026-06-07T12:44:00Z,info-03,infostealer_cloud_pivot,Privilege Escalation,Cloud,user-011,iam-control-plane,create_admin_role,RU,0.214,1,168,5,0.983,0.637,1,T1098,ASI03
evt-4cee1cd9aca8,2026-06-07T16:00:00Z,prom-03,prompt_injection_tool_abuse,Initial Access,AI Agent,user-012,retrieval-pipeline,retrieve_untrusted_document,US,0.653,2,15,1,0.419,0.613,1,T1204,ASI01
evt-38ea0477cc43,2026-06-07T16:07:00Z,prom-03,prompt_injection_tool_abuse,Execution,AI Agent,user-012,tool-gateway,invoke_unapproved_secret_tool,US,0.644,2,23,2,0.227,0.908,1,T1059,ASI02
evt-b215f3b7f757,2026-06-07T16:22:00Z,prom-03,prompt_injection_tool_abuse,Credential Access,AI Agent,user-012,secret-manager,list_service_credentials,US,0.759,2,29,3,0.278,0.939,1,T1552,ASI03
evt-e91d41832123,2026-06-07T16:24:00Z,prom-03,prompt_injection_tool_abuse,Collection,AI Agent,user-012,customer-data,agent_bulk_export,US,0.754,2,43,5,152.204,1.0,1,T1213,ASI02
evt-db5902a4b14f,2026-06-07T16:30:00Z,prom-03,prompt_injection_tool_abuse,Exfiltration,AI Agent,user-012,external-api,agent_send_external,US,0.703,2,50,5,344.618,0.992,1,T1567,ASI05
evt-05120ed6f19e,2026-06-07T16:33:00Z,prom-03,prompt_injection_tool_abuse,Privilege Escalation,Cloud,user-012,iam-control-plane,agent_chain_admin_role,US,0.752,2,31,5,0.206,0.928,1,T1098,ASI02
evt-ed29131b8c0c,2026-06-08T08:00:00Z,devi-04,device_code_phishing,Initial Access,Identity,user-013,workforce-sso,device_code_requested,NL,0.167,0,59,1,0.09,0.156,1,T1566,—
evt-963fbc1fca9f,2026-06-08T08:07:00Z,devi-04,device_code_phishing,Credential Access,Identity,user-013,workforce-sso,device_code_token_replayed,NL,0.121,0,88,1,0.096,0.205,1,T1528,—
evt-b56660490372,2026-06-08T08:21:00Z,devi-04,device_code_phishing,Privilege Escalation,Cloud,user-013,iam-control-plane,add_privileged_oauth_scope,NL,0.18,0,138,4,0.999,0.326,1,T1098,ASI03
evt-a8560f4c6cd6,2026-06-08T08:22:00Z,devi-04,device_code_phishing,Discovery,SaaS,user-013,mailbox,enumerate_mailbox_rules,NL,0.176,0,113,2,8.236,0.185,1,T1087,—
evt-0202e77a9dcc,2026-06-08T08:28:00Z,devi-04,device_code_phishing,Collection,SaaS,user-013,document-store,bulk_document_download,NL,0.171,0,160,4,130.695,0.29,1,T1213,ASI03
evt-35de5622664d,2026-06-08T08:40:00Z,devi-04,device_code_phishing,Exfiltration,Cloud,user-013,external-storage,exfiltrate_archive,NL,0.246,0,179,4,283.902,0.486,1,T1567,ASI03
evt-72e1b7e0b54d,2026-06-08T12:00:00Z,info-04,infostealer_cloud_pivot,Credential Access,Endpoint,user-014,developer-laptop,browser_credential_store_read,RU,0.211,1,48,1,0.226,0.263,1,T1555,—
evt-0970e329ad02,2026-06-08T12:09:00Z,info-04,infostealer_cloud_pivot,Initial Access,Identity,user-014,workforce-sso,session_cookie_replayed,RU,0.194,1,124,2,0.197,0.31,1,T1539,—
evt-e862f24ee40b,2026-06-08T12:22:00Z,info-04,infostealer_cloud_pivot,Discovery,GitHub,user-014,engineering-repo,enumerate_ci_secrets,RU,0.239,1,133,2,16.727,0.422,1,T1552,—
evt-a85ff64cc1b6,2026-06-08T12:24:00Z,info-04,infostealer_cloud_pivot,Lateral Movement,Cloud,user-014,oidc-trust,assume_oidc_deployment_role,RU,0.23,1,151,4,2.149,0.574,1,T1550,ASI03
evt-43085c935fc0,2026-06-08T12:30:00Z,info-04,infostealer_cloud_pivot,Exfiltration,Cloud,user-014,customer-data,export_customer_dataset,RU,0.115,1,195,5,407.319,0.653,1,T1530,ASI03
evt-93cac5830226,2026-06-08T12:36:00Z,info-04,infostealer_cloud_pivot,Privilege Escalation,Cloud,user-014,iam-control-plane,create_admin_role,RU,0.212,1,162,5,1.137,0.655,1,T1098,ASI03
evt-5bf0f54c2022,2026-06-08T16:00:00Z,prom-04,prompt_injection_tool_abuse,Initial Access,AI Agent,user-015,retrieval-pipeline,retrieve_untrusted_document,GB,0.774,2,16,1,0.426,0.603,1,T1204,ASI01
evt-a1b7f6849d29,2026-06-08T16:06:00Z,prom-04,prompt_injection_tool_abuse,Execution,AI Agent,user-015,tool-gateway,invoke_unapproved_secret_tool,GB,0.761,2,17,2,0.226,0.942,1,T1059,ASI02
evt-902b9d43a983,2026-06-08T16:14:00Z,prom-04,prompt_injection_tool_abuse,Credential Access,AI Agent,user-015,secret-manager,list_service_credentials,GB,0.778,2,31,3,0.278,0.944,1,T1552,ASI03
evt-4d58c60e07ad,2026-06-08T16:24:00Z,prom-04,prompt_injection_tool_abuse,Privilege Escalation,Cloud,user-015,iam-control-plane,agent_chain_admin_role,GB,0.66,2,29,5,0.206,0.972,1,T1098,ASI02
evt-741308dfdd08,2026-06-08T16:24:00Z,prom-04,prompt_injection_tool_abuse,Collection,AI Agent,user-015,customer-data,agent_bulk_export,GB,0.73,2,35,5,147.928,0.95,1,T1213,ASI02
evt-ce6950b82897,2026-06-08T16:40:00Z,prom-04,prompt_injection_tool_abuse,Exfiltration,AI Agent,user-015,external-api,agent_send_external,GB,0.698,2,50,5,294.028,1.0,1,T1567,ASI05
evt-5900a3484009,2026-06-09T08:00:00Z,devi-05,device_code_phishing,Initial Access,Identity,user-016,workforce-sso,device_code_requested,BR,0.203,0,55,1,0.097,0.147,1,T1566,—
evt-f809d8dd5d51,2026-06-09T08:08:00Z,devi-05,device_code_phishing,Credential Access,Identity,user-016,workforce-sso,device_code_token_replayed,BR,0.163,0,87,1,0.099,0.154,1,T1528,—
evt-f4d502524b9e,2026-06-09T08:20:00Z,devi-05,device_code_phishing,Discovery,SaaS,user-016,mailbox,enumerate_mailbox_rules,BR,0.217,0,111,2,7.84,0.213,1,T1087,—
evt-82b3ff944e46,2026-06-09T08:28:00Z,devi-05,device_code_phishing,Collection,SaaS,user-016,document-store,bulk_document_download,BR,0.144,0,164,4,128.496,0.323,1,T1213,ASI03
evt-7322bc641d83,2026-06-09T08:30:00Z,devi-05,device_code_phishing,Exfiltration,Cloud,user-016,external-storage,exfiltrate_archive,BR,0.212,0,183,4,316.541,0.513,1,T1567,ASI03
evt-1289f807513a,2026-06-09T08:33:00Z,devi-05,device_code_phishing,Privilege Escalation,Cloud,user-016,iam-control-plane,add_privileged_oauth_scope,BR,0.191,0,134,4,1.062,0.313,1,T1098,ASI03
evt-aee816793d1f,2026-06-09T12:00:00Z,info-05,infostealer_cloud_pivot,Credential Access,Endpoint,user-017,developer-laptop,browser_credential_store_read,RO,0.169,1,42,1,0.195,0.266,1,T1555,—
evt-9c21c39b3935,2026-06-09T12:07:00Z,info-05,infostealer_cloud_pivot,Initial Access,Identity,user-017,workforce-sso,session_cookie_replayed,RO,0.178,1,121,2,0.225,0.276,1,T1539,—
evt-e262c403a5e4,2026-06-09T12:14:00Z,info-05,infostealer_cloud_pivot,Discovery,GitHub,user-017,engineering-repo,enumerate_ci_secrets,RO,0.13,1,132,2,17.2,0.425,1,T1552,—
evt-349ba747af71,2026-06-09T12:21:00Z,info-05,infostealer_cloud_pivot,Lateral Movement,Cloud,user-017,oidc-trust,assume_oidc_deployment_role,RO,0.141,1,153,4,1.989,0.573,1,T1550,ASI03
evt-3b7ef15423b1,2026-06-09T12:24:00Z,info-05,infostealer_cloud_pivot,Privilege Escalation,Cloud,user-017,iam-control-plane,create_admin_role,RO,0.239,1,164,5,0.901,0.597,1,T1098,ASI03
evt-582885fdbff4,2026-06-09T12:30:00Z,info-05,infostealer_cloud_pivot,Exfiltration,Cloud,user-017,customer-data,export_customer_dataset,RO,0.144,1,189,5,365.738,0.639,1,T1530,ASI03
evt-6b0127bbe63b,2026-06-09T16:00:00Z,prom-05,prompt_injection_tool_abuse,Initial Access,AI Agent,user-018,retrieval-pipeline,retrieve_untrusted_document,DE,0.688,2,16,1,0.446,0.563,1,T1204,ASI01
evt-5b7afb7bd63b,2026-06-09T16:10:00Z,prom-05,prompt_injection_tool_abuse,Execution,AI Agent,user-018,tool-gateway,invoke_unapproved_secret_tool,DE,0.711,2,23,2,0.202,0.895,1,T1059,ASI02
evt-79fd286c6702,2026-06-09T16:16:00Z,prom-05,prompt_injection_tool_abuse,Credential Access,AI Agent,user-018,secret-manager,list_service_credentials,DE,0.737,2,28,3,0.28,0.908,1,T1552,ASI03
evt-498983ce9af8,2026-06-09T16:18:00Z,prom-05,prompt_injection_tool_abuse,Privilege Escalation,Cloud,user-018,iam-control-plane,agent_chain_admin_role,DE,0.678,2,30,5,0.183,0.988,1,T1098,ASI02
evt-4c3695eab651,2026-06-09T16:28:00Z,prom-05,prompt_injection_tool_abuse,Collection,AI Agent,user-018,customer-data,agent_bulk_export,DE,0.793,2,44,5,167.86,0.987,1,T1213,ASI02
evt-ec48c5d54a1c,2026-06-09T16:40:00Z,prom-05,prompt_injection_tool_abuse,Exfiltration,AI Agent,user-018,external-api,agent_send_external,DE,0.661,2,51,5,314.732,0.994,1,T1567,ASI05
evt-1d37b0f8b841,2026-06-10T08:00:00Z,devi-06,device_code_phishing,Initial Access,Identity,user-019,workforce-sso,device_code_requested,RU,0.119,0,53,1,0.09,0.088,1,T1566,—
evt-aec2428cc8e0,2026-06-10T08:08:00Z,devi-06,device_code_phishing,Credential Access,Identity,user-019,workforce-sso,device_code_token_replayed,RU,0.166,0,87,1,0.095,0.18,1,T1528,—
evt-d98d6fd296bc,2026-06-10T08:18:00Z,devi-06,device_code_phishing,Discovery,SaaS,user-019,mailbox,enumerate_mailbox_rules,RU,0.104,0,114,2,8.485,0.22,1,T1087,—
evt-d6aa444cdab9,2026-06-10T08:24:00Z,devi-06,device_code_phishing,Collection,SaaS,user-019,document-store,bulk_document_download,RU,0.14,0,165,4,140.925,0.296,1,T1213,ASI03
evt-faa640374991,2026-06-10T08:27:00Z,devi-06,device_code_phishing,Privilege Escalation,Cloud,user-019,iam-control-plane,add_privileged_oauth_scope,RU,0.155,0,134,4,1.103,0.342,1,T1098,ASI03
evt-c95e3b4a00c8,2026-06-10T08:55:00Z,devi-06,device_code_phishing,Exfiltration,Cloud,user-019,external-storage,exfiltrate_archive,RU,0.174,0,179,4,254.959,0.484,1,T1567,ASI03
evt-1cfbc4e63568,2026-06-10T12:00:00Z,info-06,infostealer_cloud_pivot,Credential Access,Endpoint,user-020,developer-laptop,browser_credential_store_read,RU,0.222,1,40,1,0.179,0.27,1,T1555,—
evt-84ee318d8e14,2026-06-10T12:06:00Z,info-06,infostealer_cloud_pivot,Initial Access,Identity,user-020,workforce-sso,session_cookie_replayed,RU,0.206,1,113,2,0.181,0.282,1,T1539,—
evt-fd6933a5ea70,2026-06-10T12:12:00Z,info-06,infostealer_cloud_pivot,Discovery,GitHub,user-020,engineering-repo,enumerate_ci_secrets,RU,0.16,1,140,2,18.185,0.421,1,T1552,—
evt-149d3beddd3d,2026-06-10T12:27:00Z,info-06,infostealer_cloud_pivot,Lateral Movement,Cloud,user-020,oidc-trust,assume_oidc_deployment_role,RU,0.176,1,152,4,2.074,0.527,1,T1550,ASI03
evt-f1d200984334,2026-06-10T12:44:00Z,info-06,infostealer_cloud_pivot,Privilege Escalation,Cloud,user-020,iam-control-plane,create_admin_role,RU,0.242,1,167,5,1.092,0.665,1,T1098,ASI03
evt-ca9b1151f641,2026-06-10T12:55:00Z,info-06,infostealer_cloud_pivot,Exfiltration,Cloud,user-020,customer-data,export_customer_dataset,RU,0.164,1,193,5,368.692,0.648,1,T1530,ASI03
evt-9630c4d901ac,2026-06-10T16:00:00Z,prom-06,prompt_injection_tool_abuse,Initial Access,AI Agent,user-021,retrieval-pipeline,retrieve_untrusted_document,SG,0.744,2,10,1,0.394,0.547,1,T1204,ASI01
evt-c25890657512,2026-06-10T16:08:00Z,prom-06,prompt_injection_tool_abuse,Execution,AI Agent,user-021,tool-gateway,invoke_unapproved_secret_tool,SG,0.748,2,25,2,0.183,0.886,1,T1059,ASI02
evt-d6c418ea6728,2026-06-10T16:22:00Z,prom-06,prompt_injection_tool_abuse,Credential Access,AI Agent,user-021,secret-manager,list_service_credentials,SG,0.757,2,30,3,0.318,0.915,1,T1552,ASI03
evt-9d97ec7b168f,2026-06-10T16:24:00Z,prom-06,prompt_injection_tool_abuse,Privilege Escalation,Cloud,user-021,iam-control-plane,agent_chain_admin_role,SG,0.73,2,37,5,0.219,0.968,1,T1098,ASI02
evt-dfd03f7c7990,2026-06-10T16:30:00Z,prom-06,prompt_injection_tool_abuse,Exfiltration,AI Agent,user-021,external-api,agent_send_external,SG,0.794,2,45,5,286.25,0.96,1,T1567,ASI05
evt-4c7703b4890c,2026-06-10T16:36:00Z,prom-06,prompt_injection_tool_abuse,Collection,AI Agent,user-021,customer-data,agent_bulk_export,SG,0.771,2,40,5,186.638,0.975,1,T1213,ASI02
evt-dd6be7b5e169,2026-06-11T08:00:00Z,devi-07,device_code_phishing,Initial Access,Identity,user-022,workforce-sso,device_code_requested,NL,0.252,0,50,1,0.1,0.102,1,T1566,—
evt-96f8cbea111e,2026-06-11T08:07:00Z,devi-07,device_code_phishing,Credential Access,Identity,user-022,workforce-sso,device_code_token_replayed,NL,0.127,0,85,1,0.104,0.154,1,T1528,—
evt-2653e8b2442d,2026-06-11T08:12:00Z,devi-07,device_code_phishing,Discovery,SaaS,user-022,mailbox,enumerate_mailbox_rules,NL,0.186,0,110,2,7.39,0.214,1,T1087,—
evt-bba54ef63b14,2026-06-11T08:18:00Z,devi-07,device_code_phishing,Privilege Escalation,Cloud,user-022,iam-control-plane,add_privileged_oauth_scope,NL,0.208,0,130,4,0.995,0.324,1,T1098,ASI03
evt-4ccb952f5cc9,2026-06-11T08:30:00Z,devi-07,device_code_phishing,Exfiltration,Cloud,user-022,external-storage,exfiltrate_archive,NL,0.234,0,180,4,297.252,0.497,1,T1567,ASI03
evt-b5cc1a6370ce,2026-06-11T08:44:00Z,devi-07,device_code_phishing,Collection,SaaS,user-022,document-store,bulk_document_download,NL,0.106,0,164,4,128.318,0.305,1,T1213,ASI03
evt-d8344adda76f,2026-06-11T12:00:00Z,info-07,infostealer_cloud_pivot,Credential Access,Endpoint,user-023,developer-laptop,browser_credential_store_read,RO,0.1,1,51,1,0.197,0.277,1,T1555,—
evt-af699aa1a7d4,2026-06-11T12:07:00Z,info-07,infostealer_cloud_pivot,Initial Access,Identity,user-023,workforce-sso,session_cookie_replayed,RO,0.104,1,114,2,0.221,0.262,1,T1539,—
evt-8153372b8604,2026-06-11T12:22:00Z,info-07,infostealer_cloud_pivot,Discovery,GitHub,user-023,engineering-repo,enumerate_ci_secrets,RO,0.22,1,135,2,15.613,0.409,1,T1552,—
evt-a86101841080,2026-06-11T12:30:00Z,info-07,infostealer_cloud_pivot,Exfiltration,Cloud,user-023,customer-data,export_customer_dataset,RO,0.255,1,195,5,397.43,0.656,1,T1530,ASI03
evt-fecf1ddc31ee,2026-06-11T12:33:00Z,info-07,infostealer_cloud_pivot,Lateral Movement,Cloud,user-023,oidc-trust,assume_oidc_deployment_role,RO,0.239,1,155,4,1.975,0.515,1,T1550,ASI03
evt-d0a810e4b29e,2026-06-11T12:44:00Z,info-07,infostealer_cloud_pivot,Privilege Escalation,Cloud,user-023,iam-control-plane,create_admin_role,RO,0.253,1,167,5,0.884,0.619,1,T1098,ASI03
evt-77970d271c96,2026-06-11T16:00:00Z,prom-07,prompt_injection_tool_abuse,Initial Access,AI Agent,user-024,retrieval-pipeline,retrieve_untrusted_document,AU,0.728,2,9,1,0.386,0.547,1,T1204,ASI01
evt-5016b78ff4cf,2026-06-11T16:08:00Z,prom-07,prompt_injection_tool_abuse,Execution,AI Agent,user-024,tool-gateway,invoke_unapproved_secret_tool,AU,0.764,2,16,2,0.221,0.888,1,T1059,ASI02
evt-0c4a0eb4d072,2026-06-11T16:12:00Z,prom-07,prompt_injection_tool_abuse,Credential Access,AI Agent,user-024,secret-manager,list_service_credentials,AU,0.656,2,23,3,0.294,0.908,1,T1552,ASI03
evt-557c70b6972e,2026-06-11T16:18:00Z,prom-07,prompt_injection_tool_abuse,Privilege Escalation,Cloud,user-024,iam-control-plane,agent_chain_admin_role,AU,0.668,2,38,5,0.222,0.967,1,T1098,ASI02
evt-819a15f83163,2026-06-11T16:36:00Z,prom-07,prompt_injection_tool_abuse,Collection,AI Agent,user-024,customer-data,agent_bulk_export,AU,0.655,2,40,5,174.187,1.0,1,T1213,ASI02
evt-718a8f4a040c,2026-06-11T16:50:00Z,prom-07,prompt_injection_tool_abuse,Exfiltration,AI Agent,user-024,external-api,agent_send_external,AU,0.683,2,43,5,353.968,0.964,1,T1567,ASI05
evt-406090988cfb,2026-06-12T08:00:00Z,devi-08,device_code_phishing,Initial Access,Identity,user-025,workforce-sso,device_code_requested,BR,0.21,0,55,1,0.089,0.08,1,T1566,—
evt-ad6809dd96c5,2026-06-12T08:09:00Z,devi-08,device_code_phishing,Credential Access,Identity,user-025,workforce-sso,device_code_token_replayed,BR,0.223,0,88,1,0.098,0.159,1,T1528,—
evt-8697d2b05eee,2026-06-12T08:12:00Z,devi-08,device_code_phishing,Discovery,SaaS,user-025,mailbox,enumerate_mailbox_rules,BR,0.103,0,104,2,9.098,0.187,1,T1087,—
evt-7b3784248b9e,2026-06-12T08:21:00Z,devi-08,device_code_phishing,Privilege Escalation,Cloud,user-025,iam-control-plane,add_privileged_oauth_scope,BR,0.209,0,129,4,0.937,0.381,1,T1098,ASI03
evt-9015abff90a7,2026-06-12T08:40:00Z,devi-08,device_code_phishing,Exfiltration,Cloud,user-025,external-storage,exfiltrate_archive,BR,0.152,0,182,4,263.916,0.457,1,T1567,ASI03
evt-45bc772ca98d,2026-06-12T08:44:00Z,devi-08,device_code_phishing,Collection,SaaS,user-025,document-store,bulk_document_download,BR,0.127,0,156,4,112.322,0.311,1,T1213,ASI03
evt-99bfd3b0b4e4,2026-06-12T12:00:00Z,info-08,infostealer_cloud_pivot,Credential Access,Endpoint,user-026,developer-laptop,browser_credential_store_read,VN,0.164,1,49,1,0.217,0.238,1,T1555,—
evt-920c594267a7,2026-06-12T12:09:00Z,info-08,infostealer_cloud_pivot,Initial Access,Identity,user-026,workforce-sso,session_cookie_replayed,VN,0.258,1,124,2,0.223,0.299,1,T1539,—
evt-fda84143a9a6,2026-06-12T12:16:00Z,info-08,infostealer_cloud_pivot,Discovery,GitHub,user-026,engineering-repo,enumerate_ci_secrets,VN,0.197,1,143,2,14.676,0.402,1,T1552,—
evt-9a3ab3dd1715,2026-06-12T12:24:00Z,info-08,infostealer_cloud_pivot,Privilege Escalation,Cloud,user-026,iam-control-plane,create_admin_role,VN,0.148,1,172,5,1.139,0.669,1,T1098,ASI03
evt-0ffa7c927627,2026-06-12T12:30:00Z,info-08,infostealer_cloud_pivot,Lateral Movement,Cloud,user-026,oidc-trust,assume_oidc_deployment_role,VN,0.226,1,158,4,2.022,0.51,1,T1550,ASI03
evt-b9096769fccc,2026-06-12T12:45:00Z,info-08,infostealer_cloud_pivot,Exfiltration,Cloud,user-026,customer-data,export_customer_dataset,VN,0.127,1,191,5,464.865,0.659,1,T1530,ASI03
evt-ad9cbb17be5c,2026-06-12T16:00:00Z,prom-08,prompt_injection_tool_abuse,Initial Access,AI Agent,user-027,retrieval-pipeline,retrieve_untrusted_document,IN,0.695,2,19,1,0.422,0.603,1,T1204,ASI01
evt-f36aa2c130a4,2026-06-12T16:10:00Z,prom-08,prompt_injection_tool_abuse,Execution,AI Agent,user-027,tool-gateway,invoke_unapproved_secret_tool,IN,0.735,2,20,2,0.201,0.88,1,T1059,ASI02
evt-21b075deff94,2026-06-12T16:12:00Z,prom-08,prompt_injection_tool_abuse,Credential Access,AI Agent,user-027,secret-manager,list_service_credentials,IN,0.75,2,31,3,0.276,0.91,1,T1552,ASI03
evt-8bd588ee3a7d,2026-06-12T16:27:00Z,prom-08,prompt_injection_tool_abuse,Privilege Escalation,Cloud,user-027,iam-control-plane,agent_chain_admin_role,IN,0.731,2,31,5,0.179,0.978,1,T1098,ASI02
evt-fdc17b105d3a,2026-06-12T16:32:00Z,prom-08,prompt_injection_tool_abuse,Collection,AI Agent,user-027,customer-data,agent_bulk_export,IN,0.753,2,38,5,173.239,0.973,1,T1213,ASI02
evt-18abfd2b49f4,2026-06-12T16:45:00Z,prom-08,prompt_injection_tool_abuse,Exfiltration,AI Agent,user-027,external-api,agent_send_external,IN,0.669,2,47,5,345.857,0.99,1,T1567,ASI05
evt-b211678f1cc8,2026-06-13T08:00:00Z,devi-09,device_code_phishing,Initial Access,Identity,user-028,workforce-sso,device_code_requested,VN,0.25,0,49,1,0.094,0.088,1,T1566,—
evt-610954a3b146,2026-06-13T08:08:00Z,devi-09,device_code_phishing,Credential Access,Identity,user-028,workforce-sso,device_code_token_replayed,VN,0.128,0,91,1,0.105,0.141,1,T1528,—
evt-8fef7b01a45d,2026-06-13T08:14:00Z,devi-09,device_code_phishing,Discovery,SaaS,user-028,mailbox,enumerate_mailbox_rules,VN,0.173,0,105,2,8.409,0.182,1,T1087,—
evt-689cd71d63cc,2026-06-13T08:30:00Z,devi-09,device_code_phishing,Privilege Escalation,Cloud,user-028,iam-control-plane,add_privileged_oauth_scope,VN,0.159,0,129,4,1.11,0.343,1,T1098,ASI03
evt-a755cba9bb3e,2026-06-13T08:40:00Z,devi-09,device_code_phishing,Collection,SaaS,user-028,document-store,bulk_document_download,VN,0.18,0,155,4,134.223,0.333,1,T1213,ASI03
evt-111229e33b76,2026-06-13T08:50:00Z,devi-09,device_code_phishing,Exfiltration,Cloud,user-028,external-storage,exfiltrate_archive,VN,0.127,0,173,4,294.214,0.519,1,T1567,ASI03
evt-2d33f704f385,2026-06-13T12:00:00Z,info-09,infostealer_cloud_pivot,Credential Access,Endpoint,user-029,developer-laptop,browser_credential_store_read,VN,0.139,1,42,1,0.215,0.263,1,T1555,—
evt-2e5f98e90b9c,2026-06-13T12:06:00Z,info-09,infostealer_cloud_pivot,Initial Access,Identity,user-029,workforce-sso,session_cookie_replayed,VN,0.117,1,124,2,0.178,0.314,1,T1539,—
evt-1f13e5e8e570,2026-06-13T12:16:00Z,info-09,infostealer_cloud_pivot,Discovery,GitHub,user-029,engineering-repo,enumerate_ci_secrets,VN,0.244,1,136,2,14.997,0.381,1,T1552,—
evt-513c8828eaca,2026-06-13T12:27:00Z,info-09,infostealer_cloud_pivot,Lateral Movement,Cloud,user-029,oidc-trust,assume_oidc_deployment_role,VN,0.252,1,157,4,1.824,0.511,1,T1550,ASI03
evt-4c43eea143ea,2026-06-13T12:35:00Z,info-09,infostealer_cloud_pivot,Exfiltration,Cloud,user-029,customer-data,export_customer_dataset,VN,0.249,1,193,5,369.487,0.647,1,T1530,ASI03
evt-4d72c993b55a,2026-06-13T12:40:00Z,info-09,infostealer_cloud_pivot,Privilege Escalation,Cloud,user-029,iam-control-plane,create_admin_role,VN,0.201,1,169,5,0.904,0.645,1,T1098,ASI03
evt-66bc1df32ae9,2026-06-13T16:00:00Z,prom-09,prompt_injection_tool_abuse,Initial Access,AI Agent,user-030,retrieval-pipeline,retrieve_untrusted_document,IN,0.723,2,19,1,0.444,0.605,1,T1204,ASI01
evt-c4ad9a5f230a,2026-06-13T16:08:00Z,prom-09,prompt_injection_tool_abuse,Execution,AI Agent,user-030,tool-gateway,invoke_unapproved_secret_tool,IN,0.742,2,15,2,0.225,0.903,1,T1059,ASI02
evt-37b12ed07b51,2026-06-13T16:16:00Z,prom-09,prompt_injection_tool_abuse,Credential Access,AI Agent,user-030,secret-manager,list_service_credentials,IN,0.775,2,30,3,0.27,0.958,1,T1552,ASI03
evt-6be3e0adf0ad,2026-06-13T16:18:00Z,prom-09,prompt_injection_tool_abuse,Privilege Escalation,Cloud,user-030,iam-control-plane,agent_chain_admin_role,IN,0.666,2,27,5,0.18,0.943,1,T1098,ASI02
evt-0c8b3fd47a88,2026-06-13T16:36:00Z,prom-09,prompt_injection_tool_abuse,Collection,AI Agent,user-030,customer-data,agent_bulk_export,IN,0.769,2,35,5,185.347,0.974,1,T1213,ASI02
evt-00d7565ebcee,2026-06-13T16:50:00Z,prom-09,prompt_injection_tool_abuse,Exfiltration,AI Agent,user-030,external-api,agent_send_external,IN,0.789,2,44,5,319.498,0.991,1,T1567,ASI05
evt-a04a590eed4b,2026-06-14T08:00:00Z,devi-10,device_code_phishing,Initial Access,Identity,user-031,workforce-sso,device_code_requested,RU,0.248,0,59,1,0.091,0.094,1,T1566,—
evt-29078e433782,2026-06-14T08:11:00Z,devi-10,device_code_phishing,Credential Access,Identity,user-031,workforce-sso,device_code_token_replayed,RU,0.151,0,95,1,0.101,0.167,1,T1528,—
evt-fa959b6635aa,2026-06-14T08:20:00Z,devi-10,device_code_phishing,Discovery,SaaS,user-031,mailbox,enumerate_mailbox_rules,RU,0.246,0,111,2,7.835,0.211,1,T1087,—
evt-b8b829a96c65,2026-06-14T08:21:00Z,devi-10,device_code_phishing,Privilege Escalation,Cloud,user-031,iam-control-plane,add_privileged_oauth_scope,RU,0.181,0,139,4,1.137,0.329,1,T1098,ASI03
evt-c47fc2f62337,2026-06-14T08:35:00Z,devi-10,device_code_phishing,Exfiltration,Cloud,user-031,external-storage,exfiltrate_archive,RU,0.199,0,172,4,260.077,0.48,1,T1567,ASI03
evt-f2e625067489,2026-06-14T08:40:00Z,devi-10,device_code_phishing,Collection,SaaS,user-031,document-store,bulk_document_download,RU,0.221,0,155,4,120.998,0.329,1,T1213,ASI03
evt-526c604a813c,2026-06-14T12:00:00Z,info-10,infostealer_cloud_pivot,Credential Access,Endpoint,user-032,developer-laptop,browser_credential_store_read,RU,0.203,1,48,1,0.226,0.245,1,T1555,—
evt-7e1b440228da,2026-06-14T12:07:00Z,info-10,infostealer_cloud_pivot,Initial Access,Identity,user-032,workforce-sso,session_cookie_replayed,RU,0.136,1,114,2,0.191,0.249,1,T1539,—
evt-6e93f896127c,2026-06-14T12:16:00Z,info-10,infostealer_cloud_pivot,Discovery,GitHub,user-032,engineering-repo,enumerate_ci_secrets,RU,0.218,1,135,2,17.178,0.369,1,T1552,—
evt-08f0341ea13a,2026-06-14T12:24:00Z,info-10,infostealer_cloud_pivot,Lateral Movement,Cloud,user-032,oidc-trust,assume_oidc_deployment_role,RU,0.12,1,152,4,2.256,0.546,1,T1550,ASI03
evt-ffe2e8a01107,2026-06-14T12:24:00Z,info-10,infostealer_cloud_pivot,Privilege Escalation,Cloud,user-032,iam-control-plane,create_admin_role,RU,0.15,1,171,5,1.019,0.658,1,T1098,ASI03
evt-c9d30f384cf5,2026-06-14T12:45:00Z,info-10,infostealer_cloud_pivot,Exfiltration,Cloud,user-032,customer-data,export_customer_dataset,RU,0.151,1,189,5,447.99,0.695,1,T1530,ASI03
evt-06fdc9361183,2026-06-14T16:00:00Z,prom-10,prompt_injection_tool_abuse,Initial Access,AI Agent,user-033,retrieval-pipeline,retrieve_untrusted_document,US,0.66,2,8,1,0.416,0.613,1,T1204,ASI01
evt-7b3e3ea005c6,2026-06-14T16:11:00Z,prom-10,prompt_injection_tool_abuse,Execution,AI Agent,user-033,tool-gateway,invoke_unapproved_secret_tool,US,0.641,2,20,2,0.213,0.93,1,T1059,ASI02
evt-de3657e15818,2026-06-14T16:14:00Z,prom-10,prompt_injection_tool_abuse,Credential Access,AI Agent,user-033,secret-manager,list_service_credentials,US,0.799,2,30,3,0.338,0.966,1,T1552,ASI03
evt-1ff917dc563e,2026-06-14T16:30:00Z,prom-10,prompt_injection_tool_abuse,Privilege Escalation,Cloud,user-033,iam-control-plane,agent_chain_admin_role,US,0.749,2,27,5,0.208,0.997,1,T1098,ASI02
evt-d9faba0aa811,2026-06-14T16:40:00Z,prom-10,prompt_injection_tool_abuse,Exfiltration,AI Agent,user-033,external-api,agent_send_external,US,0.774,2,50,5,309.05,0.954,1,T1567,ASI05
evt-212aa3ffd032,2026-06-14T16:44:00Z,prom-10,prompt_injection_tool_abuse,Collection,AI Agent,user-033,customer-data,agent_bulk_export,US,0.789,2,43,5,182.858,0.954,1,T1213,ASI02
evt-69d61bb338b1,2026-06-15T08:00:00Z,devi-11,device_code_phishing,Initial Access,Identity,user-034,workforce-sso,device_code_requested,NL,0.16,0,58,1,0.089,0.154,1,T1566,—
evt-a6cb07579e27,2026-06-15T08:10:00Z,devi-11,device_code_phishing,Credential Access,Identity,user-034,workforce-sso,device_code_token_replayed,NL,0.258,0,92,1,0.107,0.166,1,T1528,—
evt-ae4b819900f1,2026-06-15T08:16:00Z,devi-11,device_code_phishing,Discovery,SaaS,user-034,mailbox,enumerate_mailbox_rules,NL,0.151,0,104,2,8.123,0.238,1,T1087,—
evt-1581b2492fc4,2026-06-15T08:32:00Z,devi-11,device_code_phishing,Collection,SaaS,user-034,document-store,bulk_document_download,NL,0.139,0,162,4,112.651,0.343,1,T1213,ASI03
evt-9922022e3694,2026-06-15T08:33:00Z,devi-11,device_code_phishing,Privilege Escalation,Cloud,user-034,iam-control-plane,add_privileged_oauth_scope,NL,0.23,0,128,4,0.94,0.369,1,T1098,ASI03
evt-b5f968da7489,2026-06-15T08:35:00Z,devi-11,device_code_phishing,Exfiltration,Cloud,user-034,external-storage,exfiltrate_archive,NL,0.228,0,183,4,303.048,0.489,1,T1567,ASI03
evt-b02e824f3995,2026-06-15T12:00:00Z,info-11,infostealer_cloud_pivot,Credential Access,Endpoint,user-035,developer-laptop,browser_credential_store_read,NL,0.206,1,49,1,0.188,0.242,1,T1555,—
evt-67e120710541,2026-06-15T12:10:00Z,info-11,infostealer_cloud_pivot,Initial Access,Identity,user-035,workforce-sso,session_cookie_replayed,NL,0.236,1,118,2,0.184,0.315,1,T1539,—
evt-ad6b6fee94d9,2026-06-15T12:14:00Z,info-11,infostealer_cloud_pivot,Discovery,GitHub,user-035,engineering-repo,enumerate_ci_secrets,NL,0.18,1,139,2,14.693,0.383,1,T1552,—
evt-938e0f4a0329,2026-06-15T12:33:00Z,info-11,infostealer_cloud_pivot,Lateral Movement,Cloud,user-035,oidc-trust,assume_oidc_deployment_role,NL,0.206,1,158,4,1.778,0.526,1,T1550,ASI03
evt-3ab5ed38ee6e,2026-06-15T12:40:00Z,info-11,infostealer_cloud_pivot,Privilege Escalation,Cloud,user-035,iam-control-plane,create_admin_role,NL,0.258,1,163,5,0.951,0.658,1,T1098,ASI03
evt-cee1e431440b,2026-06-15T12:50:00Z,info-11,infostealer_cloud_pivot,Exfiltration,Cloud,user-035,customer-data,export_customer_dataset,NL,0.177,1,187,5,415.587,0.676,1,T1530,ASI03
evt-e74b19cf8a64,2026-06-15T16:00:00Z,prom-11,prompt_injection_tool_abuse,Initial Access,AI Agent,user-036,retrieval-pipeline,retrieve_untrusted_document,US,0.667,2,9,1,0.387,0.594,1,T1204,ASI01
evt-fac06ee503d0,2026-06-15T16:10:00Z,prom-11,prompt_injection_tool_abuse,Execution,AI Agent,user-036,tool-gateway,invoke_unapproved_secret_tool,US,0.776,2,15,2,0.191,0.909,1,T1059,ASI02
evt-ba74185bf5e3,2026-06-15T16:16:00Z,prom-11,prompt_injection_tool_abuse,Credential Access,AI Agent,user-036,secret-manager,list_service_credentials,US,0.674,2,31,3,0.313,0.931,1,T1552,ASI03
evt-c06a1c3ee105,2026-06-15T16:24:00Z,prom-11,prompt_injection_tool_abuse,Privilege Escalation,Cloud,user-036,iam-control-plane,agent_chain_admin_role,US,0.789,2,37,5,0.203,0.991,1,T1098,ASI02
evt-96a1b6b639fd,2026-06-15T16:36:00Z,prom-11,prompt_injection_tool_abuse,Collection,AI Agent,user-036,customer-data,agent_bulk_export,US,0.783,2,42,5,146.772,0.94,1,T1213,ASI02
evt-4c6ad6c76471,2026-06-15T16:45:00Z,prom-11,prompt_injection_tool_abuse,Exfiltration,AI Agent,user-036,external-api,agent_send_external,US,0.693,2,47,5,288.7,0.978,1,T1567,ASI05
